VTNR,0.59,11.4185,193.01
CLDT,1.28,9.8289,59.78
AVNT,2.94,12.1127,92.68
BMRN,2.51,89.8390,22.86
IAS,0.26,44.5214,25.5
CNS,3.47,16.4961,26.03
AMR,19.56,2.2589,0.72
PGTI,2.39,9.2135,120.87
TRNO,1.44,32.7006,29.27
FBIN,4.47,13.3800,154.21
ST,4.18,9.4730,118.27
FDP,2.38,6.4181,29.75
OTTR,3.79,8.4834,65.8
KBH,7.04,4.8421,45.49
PDCO,2.68,8.9522,61.24
DORM,6.06,16.8015,68.88
PETQ,1.1,11.0777,197.68
CXT,4.35,10.0619,104.02
QDEL,5.53,9.5520,54.44
BFAM,3.46,33.4124,163.53
DINO,6.32,3.4438,33.92
CHS,0.73,5.6639,131.94
ZUMZ,0.57,7.8021,65
STLD,9.35,4.1858,35.4
FWONA,1.05,29.9200,42.42
PRI,17.45,12.0804,107.49
RBA,2.94,24.8822,86.71
FIX,8.6,17.5666,25.61
CVLT,3.1,38.5163,7.18
TPH,4.22,5.0667,50.24
EWCZ,0.53,19.4247,278.68
SHAK,0.4,40.7814,173.07
WCC,17.04,8.0023,126.9
HEI,3.37,34.6582,36.79
EBF,1.41,6.0621,3.47
WTRG,1.99,16.3824,123.45
OWL,0.79,15.0119,38.31
ERII,0.49,106.3296,7.8
TNL,5.99,10.2705,0
XPO,3.33,11.2592,289.9
HALO,3.7,16.4586,1012.75
SXT,3.4,13.8428,70.3
WEX,16.15,10.0412,182.17
YORW,1.59,20.2692,74.47
LNN,6.38,10.5459,31.26
DCGO,0.35,56.7689,7.24
MTW,1.51,5.2468,72.35
REPX,8.76,3.9765,102.43
META,16.79,16.6132,27.59
CHEF,1.6,13.9687,217.35
LAMR,5.16,14.4562,395.59
WSM,14.58,6.6176,85.78
HUBG,6.77,4.9101,32.12
GEO,1.21,5.4632,161.47
TWI,1.72,4.0793,97.5
GWRS,0.24,18.0298,241.15
PSFE,1.15,8.6704,294.72
HOUS,0.67,15.9030,213.25
NXGN,1.33,29.2052,66.75
CW,10.01,15.3791,60.75
NFE,5.47,11.6616,381.33
SAIC,7.65,8.5831,131.04
SRI,0.4,13.8674,65.04
AVID,1.95,30.8495,0
ELV,37.02,8.6728,67.91
KTB,4.99,8.4483,263.66
BG,11.73,6.5331,51.47
PNM,2.79,11.1555,204.1
FELE,4.56,14.8758,25.35
WHD,3.67,13.7870,9.59
FNF,5.04,9.1805,61.51
CSV,2.7,10.7582,401.06
THC,6.68,6.8670,300.9
CEG,6.17,13.3234,62.01
RBC,9.54,19.1065,53.82
SKYW,4.56,9.2708,151.98
RSVR,0.09,14.7551,94.6
ASGN,6.3,10.3524,56.72
ZIP,0.29,15.1050,0
RVLV,0.65,13.0306,10.56
SUM,1.7,10.0860,74.4
CRC,5.48,4.0803,31.9
OUT,0.59,14.6417,596.87
HY,4.25,9.1688,177.11
ACHC,3.78,14.5125,50.95
USFD,3.2,10.5474,107.32
IIIN,3.17,7.7452,0.48
DEA,0.17,16.1072,86.1
LNG,10.82,4.3725,433.64
AMPY,1.17,2.8343,35.54
ULCC,1.17,75.5389,544.88
UGI,3.11,602.9745,162.73
HLX,0.73,10.0516,29.23
JYNT,0.24,14.1226,79.53
MGEE,3.59,13.7290,67.1
MOV,3.75,5.1151,16
IMKTA,4.7,4.0111,42.38
DCI,3.49,14.4967,49.65
CMCO,3.32,11.4815,75.83
CMTL,0.82,20.7221,38.17
TNK,10.17,2.2669,22.16
CENTA,2.86,10.0963,94.7
KLIC,2.12,16.2811,4.1
SPSC,3.13,60.1050,2.52
FIGS,0.13,32.9372,6.2
AAON,2.24,24.3196,13.04
CUBE,1.87,17.9349,105.36
CGNX,1.1,38.6472,4.73
VC,9.7,11.8526,60.54
AMPH,3.47,19.2605,89.73
CNM,2.29,7.9400,79.26
NR,0.28,9.2555,28.24
SCSC,4.66,6.3869,37.95
AAT,0.75,12.1426,145.63
MUSA,23.13,8.2040,302.13
WFRD,7.07,7.9801,326.34
AMCX,6.02,4.1863,229.77
LILAK,0.54,6.4531,359.71
ACCO,1.32,7.5257,140.93
ATSG,2.01,5.0758,109.28
SMTC,1.53,46.0387,193.53
KAR,0.7,13.1805,112.36
THO,7.22,6.2370,43.78
SKX,4.14,10.4614,40.11
WNC,3.16,4.0868,87.72
COOP,7.98,30.3762,192.16
UWMC,0.38,15.5288,301.75
HRT,1.33,9.3515,144.35
NAPA,0.7,15.0194,26.4
SIRI,0.33,10.0842,0
NHI,2.97,12.5046,87.94
APEI,0.02,8.1742,73.28
ZGN,0.47,19.6812,125.21
TKR,7.59,7.8900,82.82
FORR,2.08,10.8429,40.57
JHG,2.44,7.4682,8.17
NSIT,10.77,13.5919,64.89
LGND,4.25,18.9293,1.75
FA,1.12,9.5788,52
VTLE,20.43,2.4353,108.78
TREX,2.13,29.2953,37.76
PRIM,2.88,8.6338,118.8
GTY,1.29,16.2920,80.38
UPBD,3.77,11.5127,245.64
LEU,2.48,16.0206,0
RGP,1.88,4.7212,4.28
GGG,3.15,18.6792,7.26
LEA,16.34,6.9183,69.45
AVD,1.3,12.1468,50.16
MNTK,0.3,27.2922,31.69
STGW,0.99,8.4236,231.28
TROX,1.59,7.9364,134.56
DT,1.2,91.7743,4.61
FERG,9.23,11.4461,110.82
WEN,1.13,15.4785,1076.62
STAG,0.75,18.2964,71.87
EPC,2.8,9.5649,89.64
NPO,7.75,12.0612,55.36
DGII,2.26,16.1043,42.95
GMS,8.24,6.1149,95.26
JOUT,4.8,7.5582,10.51
TNET,6.66,12.2938,59.45
IRT,0.28,17.9583,70.72
KDP,1.92,16.2360,56.88
HCC,4.16,2.4071,19.52
COKE,38.94,6.8035,53.83
SONO,0.39,70.7920,9.89
RPAY,0.94,16.6909,49.02
H,3.51,17.6641,93.05
CNXC,12.36,6.5841,91.52
SMPL,1.8,16.5969,24
CABO,54.98,7.9587,213.85
SSTK,4.62,8.6200,14.28
TILE,1.07,7.3285,146.66
CBRL,6.63,13.0021,254
CTRN,0.51,31.0359,157.14
ASH,5.76,10.7917,46.3
PCH,1.35,19.9130,47.22
GSHD,1.6,55.1059,0
CENX,0.39,167.3104,142.09
BW,0.15,12.1161,0
IMAX,1.03,18.7251,80.06
KNX,3.24,8.0773,34.11
SLP,0.74,130.2681,0.56
CLF,2.01,7.3412,49.55
DFH,2.69,9.0504,97.66
MODG,0.87,15.1796,106.47
EHC,3.8,11.0429,142.87
AGX,3.73,6.5697,1.67
VIAV,0.78,15.7739,113.09
GEF,5.79,6.6347,121.13
HCKT,1.69,12.0042,75.53
AHCO,0.86,6.6145,105.77
AXON,3.88,109.3827,49.61
PII,10.82,7.1717,174.7
SKY,4.22,7.1060,0.96
SXC,0.67,4.2225,77.27
HGV,4.39,8.5103,185.61
CACI,22.13,13.4077,64.26
MNRO,1.74,10.6737,88.27
ASIX,4.45,5.3081,32.31
OGE,2.12,10.6454,108.63
GLPI,2.83,15.1427,158.47
PSN,2.6,18.5082,42.76
ITGR,5.07,14.6896,73.54
HDSN,1.35,5.7594,17.46
SCS,0.85,7.4116,79.12
SSNC,5.21,11.4658,114.36
AAN,1.44,4.4724,96.97
TALO,1.7,2.9347,59.12
WING,2.52,45.6714,0
DSGR,0.94,13.0089,97.9
G,3.3,11.0052,82.82
IDCC,4.37,6.5986,104.66
TPG,2.11,25.8213,18.68
GAMB,0.83,18.7793,1.79
SSTI,0.02,248.8120,5.15
QLYS,4.96,31.0094,12.54
CMP,1.32,9.7139,134.34
IMXI,2.22,6.8705,146.88
FF,0.8,2.6376,0.17
DBRG,0.18,18.5518,140.24
CVI,2.76,3.8496,166.74
STEP,1.79,24.7367,12.85
CLVT,0.87,11.2513,71.39
PEN,2.8,186.5660,21.68
ESMT,0.39,62.5093,3.62
UNFI,2.56,7.1644,181.54
LBRT,2.75,2.9184,25.63
AMKR,2.27,5.3601,34.95
GVA,4.17,13.1527,54.81
KE,3.02,7.7101,54.21
FTI,1.09,15.3919,75.38
MTG,2.29,4.8026,13.7
UFPT,6.63,18.7025,27.39
VST,3.37,5.7489,229.44
NSA,0.71,13.8467,153.7
SOI,1.33,5.0649,18.4
ACM,4.39,15.1400,112.01
BRO,2.91,19.0464,79.8
UTI,0.44,13.8190,161.22
AMRC,2.56,26.6657,176.62
TK,0.43,2.1719,19.23
LPX,4.47,10.7902,28.89
SYNA,7.19,11.0035,82.79
EME,11.97,13.5119,26.86
GLOB,7.01,28.5615,7.48
CLFD,1.18,6.4217,8.4
IOSP,6.87,11.4726,4.19
ASLE,1.11,188.7747,8.82
SRCL,2.38,11.5673,70.94
WDAY,6.61,276.9703,52.1
ADEA,1.4,6.3059,196.2
GXO,3.13,15.1430,144.65
MKSI,5.8,12.6281,205.37
EVH,0.83,41.0781,54.96
RGA,18.56,9.4395,61.43
SNX,11.88,7.0221,49.65
STNG,9.16,3.6392,74.74
SHOO,2.8,10.9033,15.79
LSXMA,3.01,9.2936,105.12
TNC,5.9,9.1719,56.77
ALGM,1.61,22.8439,4.51
VCTR,5.06,7.9515,95.61
THR,2.02,11.0540,29.63
LPRO,0.45,13.7397,68.85
STR,1.09,11.4993,23.47
GFF,3.98,7.9315,515.54
ITT,5.76,13.0556,20.97
ARCB,9.72,7.4091,36.17
INFA,0.96,38.5811,98.7
FIZZ,1.97,19.2744,9.9
CHCT,1.02,19.8746,73.65
KAI,9.82,13.6384,22
SPB,3.98,14.0206,85.05
ALKS,2.13,23.6600,30.42
BERY,7.95,8.4776,294.36
CEIX,16.65,2.4880,18.81
TTD,1.49,190.6767,12.21
BYD,6.75,7.8845,215.7
HCSG,0.78,13.7088,12.78
DBX,2.05,20.6064,0
CPRI,6.23,11.2338,204.58
REZI,1.68,4.8837,60.37
CARS,0.59,10.3973,94.45
PK,0.69,10.7925,117.57
GLDD,0.67,97.4204,124.14
DOOR,9.39,8.3318,157.85
DKS,12.43,7.4741,161.02
LE,0.04,7.6237,92.24
CDMO,0.12,85.7242,100.16
CHDN,6.79,20.3258,541.04
DIN,6.68,11.0282,0
RYN,0.51,23.5881,83.43
SAIA,15.34,18.4391,7.75
NATR,0.74,7.9956,11.89
CARG,1.23,14.7456,28.34
GNTX,2.19,14.1610,0.17
SATS,0.24,2.2661,44.76
CORT,0.93,30.4335,0.07
LMAT,1.49,29.7099,5.92
OOMA,0.74,53.6555,17.82
UFPI,8.63,6.7358,13.63
LEN.B,13.65,5.4075,20.56
MOH,23.3,6.9844,65.75
PATK,8.54,7.2114,140.08
LZ,0.42,240.1498,6.06
BSY,1,59.7369,261.24
RGEN,2.33,44.8280,21.45
TTSH,0.24,9.4264,125.45
GMRE,0.04,13.7943,98.64
INN,0.12,10.9843,101.03
MTN,9.25,13.9204,190.94
CRGY,1.68,2.3820,38.25
CVCO,25.03,7.3342,2.93
USPH,3.18,20.0139,39.84
HEI.A,3.39,28.1603,36.79
ACA,3.29,13.0361,25.7
III,0.49,9.3008,80.46
MYRG,6.85,13.2915,12.66
VAC,10.83,9.4910,207.67
SKT,0.96,16.4148,298.25
MATV,1.72,9.9521,158.43
PLNT,2.56,17.3452,0
LTH,0.68,17.0446,187.6
GIC,2.14,14.2316,61.35
GOGL,1.11,8.2935,78.46
ELS,1.79,24.6770,231.38
DO,1.07,23.1914,54.76
NJR,2.75,12.6822,159.25
SLGN,3.81,8.9522,222.46
STNE,0.97,0.5131,32.26
EPRT,1.55,18.4614,50.97
TTMI,1.39,6.6202,58.11
BEPC,0.81,13.5193,83.64
BZH,5.54,6.7597,95.6
AMEH,1.57,13.4545,39.46
APAM,3.24,9.6447,61.07
GO,1.19,21.3049,117.83
KELYA,2.07,6.4606,5.36
RRX,12.83,17.4234,106.67
AIT,9.81,12.3289,49.78
EPAM,11.01,17.8827,5.54
ESNT,6.69,6.1466,8.9
KAMN,0.8,9.5567,85.83
HAE,4.24,17.5106,88.47
HSTM,0.44,18.5428,6.4
KSS,3.04,10.8953,213.98
CLPR,0.13,22.1302,6026.4
CHE,22.32,21.2064,14.8
EBIX,1.38,7.9269,93.45
NE,5.1,12.6310,15.74
DBI,1.5,8.1263,272.67
ABNB,4.19,38.7735,45.94
NEU,25.82,9.3988,109.6
OSK,8.82,8.7413,17.58
CMPR,3.94,15.7735,0
BVH,4.76,4.7665,341.18
FDS,16.62,23.5662,114.12
PRA,0.89,15.8295,39.65
CHH,6.78,15.0686,2664.96
DTC,1.13,10.0677,30.26
DY,7.18,8.7256,92.26
AMG,20.44,11.0936,56.94
MRVI,0.12,7.3418,68.77
HRB,4.62,7.5858,6044.81
MLNK,0.27,30.1621,73.97
LNTH,6.12,22.5255,107.21
AGCO,15.03,6.0939,59
TDW,7.23,22.2955,20.39
OLP,0.65,14.7875,135.59
SP,3.5,10.9314,239.97
AVTA,0.89,20.3001,75.91
NBIX,4.8,32.2782,14.92
JWN,2.02,5.4076,663.8
CRK,1.66,2.9451,103
ALG,12.04,10.3780,42.07
HPK,2.54,3.6649,77.58
DOCU,2.68,197.8197,117.81
PSTL,0.11,19.3617,80.48
LOVE,2.85,11.3007,86.67
DEN,6.18,6.2295,6.25
WH,4.3,14.8431,233.86
TEX,7.17,6.9033,51.44
TRC,0.55,30.2775,10.24
HTLD,0.86,5.8139,41.61
SJW,2.7,14.3175,139.25
SHO,0.32,10.8824,39.69
ZYXI,0.55,11.9676,114.59
MUR,5.9,4.0661,50.24
CTOS,0.4,16.1322,214.47
NUVA,2.54,13.8410,101.72
HIW,0.82,11.9022,126.31
EPR,2.49,11.7081,122.39
VECO,1.63,19.8844,50.73
GEHC,4.31,11.7803,144.86
DGICA,1.22,112.5966,7.2
CTS,2.62,10.9946,20.44
ESAB,4.61,12.3901,81.3
AMBC,0.18,8.8084,347.69
MOD,3.38,11.0009,64.67
POWI,2.47,33.6391,0
NMIH,3.99,5.8086,23.39
HOG,4.86,9.6218,223.88
HLLY,0.36,14.9989,152.89
PAYO,0.24,38.7228,4.42
SBGI,3,6.5741,684.55
SPXC,4.65,16.1647,57.62
SM,6.84,2.9908,48.05
XPOF,1.27,15.5781,0
HUBB,16.16,17.5043,59.1
IDA,5.41,13.9237,86.75
SYNH,4.02,12.3116,82.87
LPG,2.19,6.1993,89.97
WWW,1.51,11.6885,354.16
OGS,4.31,11.2683,109.25
CWK,1.52,12.4082,221.17
EXPI,0.35,296.3343,0.01
CERT,0.47,27.3067,27.8
SAM,10.69,21.6272,4.57
CASS,3,4.4779,4.18
GTES,1.34,8.7165,79.64
PLAY,4.21,8.0925,911.42
NNN,2.19,15.1710,98.17
EXPO,2.23,35.6614,8.06
SFL,1.24,9.0357,244.14
PZZA,3.06,17.5628,0
ICUI,7.47,17.0694,81.48
HURN,5.08,15.1516,81.17
HZNP,5.66,39.8830,51.32
UVE,1.75,9.6035,46.68
TDC,2.38,17.9630,299.54
SXI,8.55,12.6186,34.12
DSKE,0.55,6.1385,426.12
OLLI,3.08,22.3618,32.58
IBP,10.05,10.2561,169.26
NRDS,0.21,33.8234,3.07
PARA,1.25,9.9740,77.36
CENT,2.86,10.6365,94.7
NFG,5.84,5.9560,85.91
FSLR,13.11,48.7053,8
FWRG,0.44,22.1464,96.55
MCRI,4.81,7.5351,11.32
ON,5.7,13.1032,53.48
GEN,2.4,12.7058,411.25
APLE,0.87,11.8501,47.71
ALX,13.01,14.3825,418.83
DRH,0.47,10.6711,79.94
ALE,4.1,13.0351,53.55
CWT,2.15,18.0131,84.93
AIRC,0.17,17.3490,164.13
BTU,2.68,1.1303,9.83
VRTS,26.07,7.6044,40.39
NOVT,3.53,35.4037,73.81
MGY,2.5,4.0916,21.64
ANF,4.36,8.7551,151.66
CG,3.97,16.2136,139.71
MMS,4.16,14.4983,90.89
ICLR,14.64,16.4892,50.94
ENOV,2.67,17.1376,13.62
AMSF,2.75,11.3074,0
BBWI,3.57,9.3910,0
PYCR,0.51,993.6359,1.67
EEFT,8.25,7.8783,138.08
MSA,7.16,17.3823,102.02
JJSF,5.95,21.0668,19.39
FUL,4.7,11.2886,114.5
WOOF,0.36,11.5193,125.74
FOXF,6,16.5483,32.64
IPI,0.19,3.5492,0.42
BV,0.83,8.4458,117.94
DNOW,1.02,5.8650,4.33
PRGS,4.7,14.5086,194.31
MHO,18.22,4.5477,40.85
MORN,5.27,40.5842,109.27
CRSR,0.78,34.5673,41.79
KALU,5.46,14.0708,172.15
NBR,8.74,4.4032,226.91
STAA,1.17,62.7517,9.19
RPM,5.62,16.9768,141.34
DNB,1.1,12.9906,107.22
PUMP,1.59,2.8693,6.51
SFM,2.79,10.5472,150
EGP,4.14,28.5036,79.01
LXU,0.81,4.8010,113.7
WSO,14.67,16.7792,28.34
BRX,0.88,14.6666,172.13
OMCL,2.33,72.7845,52.82
CWST,1.31,22.1308,108.66
FOUR,3.41,15.6244,369.49
GTLS,11.65,29.1453,156.72
KD,0.23,13.5077,318.3
PCRX,3.95,12.6137,76.82
AHH,0.42,17.8215,157.6
COHU,2.47,10.2538,6.72
PSMT,4.26,8.2357,25.45
LSTR,8.73,12.7394,14.46
ATR,4.97,15.6182,58.7
NEOG,0.75,30.4365,28.79
RRR,2.65,7.7649,2664.09
PRG,3.45,4.3215,102.75
AVNS,1.54,8.9152,20.56
JAZZ,20.2,8.0663,164.51
KRO,0.49,70.6185,51.83
CHK,6.32,2.0423,20.4
PFGC,5.15,11.0504,126.67
INVA,1.06,7.8959,80.76
STRA,4.05,16.1461,15.74
HSII,3.09,3.4866,19.04
VVV,1.66,20.9567,734.27
TPX,3.06,14.3389,2307.25
RRC,3.25,3.4353,52.86
PCG,1.35,13.0380,231.99
AXTA,1.8,11.6358,211.24
ALIT,0.72,17.0699,59.91
GLNG,2.64,38.6155,46.91
ULH,4.68,4.4119,99.03
SMP,3.66,6.1383,46.75
PAHC,1.31,8.8482,180.51
VNT,3.16,9.8746,352.98
GBX,3.59,9.2942,116.82
AMED,4.64,18.3587,45.89
WSR,0.4,14.7374,150.83
TRS,2.15,12.2291,71.95
ADT,0.51,6.0064,295.73
RCKY,3.06,7.0465,108.45
HWKN,2.68,11.8092,26.38
ONTO,4.65,23.2718,1.16
USM,0.49,10.3166,89.74
ROAD,1.18,18.1920,90.92
ZWS,1.12,21.5742,38.13
WW,0.46,13.8767,0
SPNT,1.6,2.9595,35.39
MTZ,5.6,13.3649,136.79
RYAN,1.7,16.1408,228.88
NOG,7.77,3.2696,118.14
CR,5.31,7.6433,21.19
JBL,9.27,6.5567,137.89
HNI,2.6,12.4065,104.53
WPC,4.82,15.6355,93.18
MATX,7.05,5.2544,34.5
CHGG,1.14,18.4600,76.16
PETS,0.53,171.4530,1.75
REX,2.51,11.1497,2.38
DVAX,0.09,10.6039,44.67
DENN,0.71,11.5095,0
ADC,1.71,19.1185,43.53
FI,8.54,13.2957,75.53
HLIT,0.91,19.7019,46.09
LITE,4.06,17.4719,211.96
HL,0.12,16.8144,29.16
RDN,3.3,5.2435,39.28
AXS,9.28,9.6144,30.29
SCHL,3.12,8.9505,9.26
SEM,2.39,12.5674,328.58
SANM,6.67,5.0882,18.54
MRCY,1.81,29.2822,37.58
PLAB,2.25,3.3363,2.13
MIR,0.4,18.5171,46.11
SAH,6.8,7.2630,411.66
LOCO,0.87,11.7914,90.59
NUS,2.65,7.8061,69
KRT,1.85,8.4421,41.72
VMI,17.24,10.5874,66.91
PCYO,0.09,21.4219,3.44
IART,3.51,12.3892,95.36
ECVT,1.04,10.4072,135.1
KTOS,0.5,53.3826,35.5
SNDR,2.21,5.7216,7.33
SBRA,0.56,17.0871,82.21
MSEX,2.66,22.2710,95.61
SPNS,1.43,17.9822,21.21
HLMN,0.47,14.2755,80.1
HE,2.17,6.8135,157.93
INSE,1.19,8.5300,0
DOC,0.24,16.5644,70.74
UI,10.69,19.8512,0
CXW,0.82,7.9393,76.91
ESGR,40,9.1380,35.87
GDDY,3.5,19.8759,0
HVT,4.06,5.4165,70.56
CRMT,6.72,20.1936,140.47
VSCO,2.5,5.8454,950.67
GPOR,25.55,1.7484,46.95
CSL,20.32,11.6680,85.23
HI,3.9,7.4647,85.42
EVC,0.46,7.0994,94.11
BXC,13.14,4.3023,97.82
IDT,1.5,6.0340,3.05
SCL,5.36,11.5506,61.88
AVT,6.64,6.0279,69.47
ALTG,0.27,9.5378,777.65
HAYN,4.68,8.6112,25.69
MATW,3.13,14.7735,163.43
AMK,2.47,11.2150,10.58
RMNI,0.3,3.4314,0
VTOL,3.01,10.7192,103.88
EVTC,3.01,13.6229,77.14
HCI,3.84,627.0739,73.82
NVST,2.09,11.5575,35.55
AMWD,9,7.0318,53.06
RLGT,0.67,5.1710,47.85
SAVE,0.51,29.1289,429.04
MDRX,0.86,9.6935,18.59
EXLS,1.58,17.9650,34.23
ODP,5.74,7.1212,76.57
TRIP,1.38,16.8980,118.05
VSH,2.54,3.9957,34.9
AIV,0.26,32.7501,155.72
AIR,4.24,13.9980,30.04
XPRO,1.36,13.1958,6.87
CBZ,2.69,18.2561,79.85
ENFN,0.25,45.8682,17.74
TXRH,5.44,15.2345,67.36
AR,2.61,4.7569,67.31
IVT,0.15,14.4896,52.91
FIVE,6.55,21.7936,111.51
NDSN,9.55,18.1570,37.26
EVRI,1.22,5.8582,409.57
NGVC,0.82,10.9931,226.03
PKE,0.51,17.2190,0.15
DECK,26.01,18.3485,14.46
WMS,6.26,12.6106,136.99
OPCH,1.22,20.1971,78.85
COLM,5.32,8.8219,19.62
IBEX,2.29,6.2374,69.49
RES,1.27,3.5079,2.91
SUPN,1.84,15.3638,4.59
ENTG,3.59,23.4301,165.9
FWRD,5.21,7.8793,45.54
LSEA,1.58,8.1129,69.92
POWL,3.91,15.0813,0.49
FCFS,6.82,6.8969,89.94
LILA,0.82,6.4545,359.71
PANW,6.4,128.2752,133.32
LULU,13.9,21.9118,33.78
VRT,1.96,19.8527,188.17
LEGH,2.62,6.7078,1.66
PLXS,5.94,9.5182,45.72
OSIS,8.54,14.2478,54.13
AMH,0.52,22.9912,58.24
EXTR,1.99,23.7352,226.64
NTST,0.16,20.3756,40.83
DXPE,4.17,6.9255,126.61
CWH,2.25,11.1136,1411.51
ABM,3.87,9.9221,85.03
EXEL,0.96,36.2197,7.7
RLJ,0.34,11.0280,97.46
SLVM,5.62,3.8109,125.87
ESE,4.21,16.2985,18.99
WEYS,1.45,5.4168,7.2
SGC,0.76,8.8219,70.33
CHUY,1.95,15.1958,72.96
FRO,2.95,5.6089,100.08
HIBB,8.28,4.7557,103.79
AIN,4.2,12.5912,53.18
REXR,1.36,30.3316,29.61
PTVE,0.99,4.9221,320.78
PSTG,1.67,87.9593,27.77
CMPO,1.19,7.5438,0
VPG,2.57,7.2783,26.07
PECO,0.43,17.0888,76.17
ARTNA,2,15.7723,78.65
TRNS,2.03,32.3017,56.48
MMI,1.59,43.8238,14.54
LFUS,13.85,11.6248,44.87
EGLE,6.58,5.6278,86.11
CPK,5.8,12.1379,89.73
APOG,4.43,7.8345,52.17
MDXG,0.3,386.2420,63.76
BLD,19.95,10.5747,74.05
FAF,5.39,10.5292,46.84
NMRK,1.22,14.0867,161.91
SMCI,19.22,18.5881,15.69
UE,0.4,17.2646,176.62
PRAA,0.45,22.2063,225.54
HQY,2.6,26.7213,48.01
KEX,5.03,12.7750,37.72
JACK,6.85,13.4689,0
FN,8.97,17.4131,0.91
NVT,3.23,15.9960,72
PTEN,1.43,4.1088,49.09
QUAD,0.52,3.7264,469.4
LSCC,2.44,52.9115,10.54
AYI,13.23,8.7249,30.08
VVI,1.24,11.4126,249.52
SOVO,0.79,15.5350,99.39
SAFT,5,19.2273,7.15
RH,15.04,14.9224,0
MRVL,2.35,41.3587,28.51
EGRX,3.27,4.6272,28.75
UNF,7.51,12.9904,3.26
ALGT,10.65,6.1592,165.36
LGIH,12.67,16.4052,61.17
LFCR,0.22,660.8410,174.56
VSTO,5.3,5.4159,93.75
MRTN,1.27,6.6573,0.09
SON,5.48,8.1487,149.9
KMT,2.01,7.8976,48.66
IPAR,5.09,17.4842,23.89
PARR,4.28,3.6005,100.87
TRTN,9.76,8.1248,233.37
ARES,5.08,28.7335,279.77
AGR,2.35,13.9005,51.46
LOPE,7.33,11.8762,12.7
MTRN,6.7,12.8286,60.27
JOE,0.11,38.2906,91.82
ESRT,0.13,13.4760,132.74
DCO,3.32,11.8234,50.81
CMBM,1.09,9.0135,20.35
ASC,2.57,2.8707,24.26
WELL,1.07,24.5563,73.94
RHP,5.84,13.6572,424.48
CLH,8.03,11.6790,122.45
HRI,14.7,10.6891,388.02
WLDN,1.51,14.6039,64.56
ATI,2.85,13.5171,135.49
MBUU,6.95,5.2703,1.65
UTHR,20.94,7.5585,14.79
UCTT,1.9,9.0488,68.09
BALL,3.29,13.9232,261.59
AZPN,7.31,40.1020,0.69
MWA,0.65,13.6886,66.34
NATI,2.82,22.1588,52.77
VMW,8.19,26.7080,441.07
CPT,1.91,17.1422,73.92
ROG,5.8,18.3012,11.85
MPW,0.85,11.4295,123.13
REYN,1.61,13.9429,115.22
ABG,31.27,6.6582,117.66
BJ,4.08,12.0495,252.88
MGRC,5.37,16.7133,76.39
ELAN,0.91,12.0608,81.7
RM,6.21,15.1637,427.7
TMHC,7.47,4.3533,48.73
ARCH,24.91,2.6909,10.56
HEES,4.9,10.8738,344.19
CRUS,6.27,11.4317,8.75
AGTI,0.61,9.6205,124.69
AWR,2.98,17.0478,109.76
JRVR,2.39,7.5645,44.05
MPAA,1.22,11.8568,92.86
ONEW,4.64,7.0022,197.87
MSM,6.39,10.0173,34.99
VVX,2.59,10.5375,125.05
HLIO,3.71,14.9625,66.93
ORI,2.64,7.7594,25.99
SEIC,4.01,17.8933,1.34
AEL,6.79,0.5343,33.44
KN,1.19,13.0579,5.82
KW,0.6,37.7998,242.97
OHI,1.47,19.3128,138.67
FORM,1.27,59.3646,5.9
AMSWA,0.48,23.8647,0
APP,1.3,21.8097,215.2
ENSG,5.2,18.9348,135.48
NL,0.62,5.5177,0.13
GES,3.17,7.7296,237.1
CNK,1.28,10.3838,1424.45
ELME,0.09,17.1398,44.35
CVLG,4.87,7.9942,65.47
ETWO,0.26,14.0862,45.51
TWNK,1.23,15.8066,53.71
HCCI,2.51,8.9134,47.47
POR,3.04,10.1769,123.06
SIG,10.36,5.5757,57.83
ACEL,0.83,8.0257,277.46
DNUT,0.41,24.1085,102.37
MYE,1.74,8.1483,42.21
WTTR,1.36,4.8794,14.11
FLO,1.31,12.5571,93.45
LRN,3.72,8.5117,57.41
NRC,1.16,22.8847,26.29
AA,3.2,23.6976,28.4
VAL,6.8,29.4781,54.75
BAH,5.61,28.1528,306.7
FRPH,0.42,51.3659,40.14
MD,1.64,7.8360,79.14
HUN,1.99,11.3113,50.75
SNCY,1.92,6.6937,134.71
TGI,0.76,11.3117,0
WWE,3.15,23.5752,45.6
LPLA,18.04,9.9540,152.34
URBN,3.35,9.0336,56.45
DRQ,0.89,32.0533,0.69
NSSC,1.29,24.8851,4.06
CPNG,0.5,47.5057,98.13
INVH,0.78,21.1138,75.68
SGH,2.25,11.1164,277.19
KNSL,13.93,32.3806,22.47
RVTY,5.58,16.9620,57.27
HP,3.5,4.9716,20.12
AZEK,1.02,27.8263,47.73
CIEN,3.28,14.5947,54.65
GDEN,1.66,8.0043,269.12
CNTY,0.59,8.5462,268.44
AFG,11.79,8.4347,42.7
DAN,1.53,6.9019,157.13
AEIS,5.99,15.1980,41.48
SWI,0.93,12.3802,90.9
LBRDK,9.93,57.3847,45.48
MEI,2.75,8.6325,35.26
WT,0.42,21.0335,46.5
TBI,1.13,8.6739,14.24
SLAB,3.72,26.2449,6.36
INFN,0.36,20.8873,443.85
DOX,6.56,11.7738,21.82
CIVI,14.41,3.6136,61.24
RDNT,0.53,18.1533,204.03
MTDR,8.95,5.1958,61.23
EAT,3.8,10.5397,0
MGNI,0.75,19.0332,110.19
DLB,3.77,20.7833,2.1
CSTM,2.32,11.3495,251.61
VOYA,9.22,13.0401,71.08
RMBS,2.12,44.1363,3.31
ROCK,4.64,12.4348,3.33
PODD,2.24,100.5018,252.36
TCMD,0.41,26.4914,43.8
RGLD,4.33,15.9111,14.27
CAKE,3.27,16.6018,564.61
LNW,2.84,11.7878,319.92
VGR,1.33,7.1856,0
WLY,2.93,9.1725,108.88
GT,1.33,9.3530,186.5
CTLP,0.16,171.0809,26.59
FC,1.84,15.9881,23.34
CLW,5.52,4.9222,94.32
WIRE,18.6,2.9191,0
RGR,3.88,7.5904,1.02
VSAT,1.8,24.7274,129.93
COLD,0.32,27.2034,106.21
HLNE,4.64,16.3032,45.67
SIGI,7.61,15.2533,18.85
GRBK,6.75,6.9296,28.71
MTCH,2.46,16.4246,0
MCS,0.33,9.9481,86.3
YETI,2.76,29.9531,26.62
ANDE,3.54,7.4348,51.53
DOCS,0.88,25.4726,1.58
CLAR,0.83,11.4156,49.86
COCO,0.8,37.1452,0.02
FTDR,1.9,11.2176,473.28
JBI,1.04,7.9848,158.43
OLN,5.81,5.1785,124.22
OXM,10.98,6.6640,53.69
NX,2.38,7.0330,29.7
TRGP,6.74,8.8669,273.96
KFY,4.46,5.6545,34.22
CCS,9.21,7.5296,54.99
FCPT,1.11,18.3120,80.99
CSGP,1.45,60.5122,15.47
NWPX,2.75,8.3666,54.26
DHT,1.55,5.6265,36.58
AORT,0.08,42.8744,125.9
SQSP,0.6,45.4116,0
SD,1.09,2.6517,0
GCO,4.44,11.1520,126.14
NGVT,5.13,7.7355,223.12
COLL,2.93,5.4918,379.65
GOLF,3.03,12.9398,72.29
ENV,2.71,41.5080,138.3
FL,2.15,8.2474,93.44
GIII,3.27,6.0460,57.73
CPSI,2.26,9.4659,65.18
GTN,4.41,6.4566,232.25
HAYW,0.74,17.8320,92.17
CNA,4.89,8.3078,36.4
KRUS,0.52,130.3012,68.53
LCII,9.37,15.3288,87.28
BWXT,3.15,21.9371,158.85
ICFI,7.02,17.9108,94.58
RNG,3.5,511.0781,0
METC,1.36,3.9049,46.88
OIS,0.49,8.9271,23.29
LQDT,0.99,13.4481,7.3
ACGL,7.34,11.4152,18.62
GATX,7.1,14.7351,323.54
JBSS,4.76,11.2650,4.98
SUI,2.69,18.8737,100.01
RMAX,1.52,2.7163,2037.52
CNO,3.01,9.5897,199.43
X,2.15,3.3633,40.57
GHC,59.5,6.0203,29.93
DIOD,5.8,7.0932,7.41
AVTR,1.23,14.3449,117.42
KOP,4.62,7.5059,216.91
INGR,9.59,8.0837,71.71
SGRY,1.01,16.2411,87.6
GDYN,0.41,210.3786,3.23
IGT,2.05,8.5302,319.05
EE,1.04,6.6752,49.46
SHLS,0.88,33.6692,40.47
RPRX,3.89,20.2990,72.62
TPL,71.54,26.6874,0.2
LTC,1.91,15.9569,110.91
MTSI,2.74,30.5763,70.25
ARMK,2.37,13.5525,225.34
XHR,0.21,10.1177,100.52
RUSHA,3.1,6.2216,85.51
TMST,1.95,11.3263,3.47
MKL,97.64,5.4454,25.94
XPEL,2.74,29.3583,19.03
NSP,5.8,13.0422,321.4
R,11.91,4.4115,236.01
LZB,3.15,6.4569,46.97
AOSL,1.92,11.6411,8.91
CMC,6.16,5.0790,33.09
PGNY,0.78,68.5870,4.17
STC,4.38,10.0365,43.31
CALX,1.66,41.3048,1.81
PR,2.16,4.7376,36.1
UTL,2.91,9.0926,130.15
THRY,0.9,4.7396,109.48
DAR,6.03,13.4132,106.6
TECH,2.33,34.7407,23.14
SHC,0.89,13.6265,555.67
CUZ,0.46,12.2184,53.8
FWONK,1.1,33.1000,42.42
LANC,6.83,20.4943,3.48
PUBM,0.17,15.9102,8.38
FLS,2.4,15.6436,76.99
TRN,1.86,15.6314,475.85
STRL,4.7,10.9460,78.53
AVNW,3.81,11.1592,1.25
SCI,3.79,11.9959,274.32
WLK,10.16,6.8633,50.04
DV,0.5,51.8826,9.56
SITC,0.11,13.2564,88.67
TTC,5.29,12.7796,79.91
SITE,4.58,20.4912,57.71
CASY,12.47,11.2578,66.87
CCCS,0.34,47.7686,41.1
CSGS,3.81,11.2585,125.17
ARIS,1.07,7.6644,64.71
WGO,7.57,5.4375,46.53
PBF,6.69,2.1450,36.23
ATGE,4.75,7.8734,61.49
FOR,3.51,8.4194,55.12
MDU,1.35,6.8481,98.57
HXL,2.59,20.0022,46.76
WOR,5.49,11.6538,43.87
PRLB,1.24,11.8076,2.98
WDFC,5.57,30.3964,70.11
THRM,3.45,14.9234,36.42
LECO,9.73,16.2930,97.25
MTH,20.1,4.6320,27.78
UHAL,4.86,7.2314,93.63
FLL,0.59,58.3709,611.27
TGNA,3.98,5.7123,107.63
MED,7.6,4.0150,12.76
SEAT,0.34,13.1119,56.62
PLTK,0.87,7.3086,0
CRS,4.76,15.7420,53.41
TTGT,1.75,19.8708,237
PCTY,6.9,58.0225,8.34
POST,4.92,11.8454,156.47
AGYS,1.25,113.6765,19.73
MP,0.78,17.7426,50.84
SWBI,1,6.0235,16.04
DRVN,1.14,12.3013,236.44
MEDP,9.69,24.7181,54.82
CPRX,2.19,8.4671,0.99
TOL,11.64,5.4965,44.33
CNXN,3.57,10.4925,0.81
TTEC,2.82,7.7102,162.11
WSC,2.3,17.1811,228.35
EYE,0.59,14.0884,112.08
FLWS,0.51,7.9433,69.83
MODV,7.07,10.3876,712.16
AM,0.95,11.6180,153.58
GPK,2.87,6.7427,224.86
EIG,3.56,6.0609,11.71
OFC,1.15,15.3589,122.88
VITL,0.54,12.3887,5.23
OLED,5,23.6442,2.31
AMPS,0.17,29.4697,213.07
ASO,7.93,6.5802,101.3
SWX,3.1,9.8118,156.17
ZD,6.97,7.6288,53.7
ACLS,8.03,25.7460,10.39
AVAV,2.98,35.0329,29.55
MSGS,2.57,60.5295,0
SNBR,2.15,12.2266,0
UNIT,0.41,7.7237,0
CTRE,1.03,16.6700,107.63
CALM,1.6,1.6294,0.11
CCRN,2.13,4.4401,7.96
CHX,2.35,10.6778,39.75
EVCM,0.5,28.4795,62.32
SWAV,4.4,51.0583,9.57
ALTR,1.15,696.1903,54.4
TRU,4.26,17.7595,125.37
INSW,10.41,3.6158,60.86
SSP,2.19,7.4335,215.93
MANH,3.51,66.2406,7.3
PARAA,1.32,10.8228,77.36
AGO,4.9,10.1771,34.28
DTM,3.93,12.7428,76.47
BC,10.25,6.6873,124.47
LAUR,1.2,7.0944,63.73
CVGW,1.61,32.8319,39.6
LII,18.17,19.0933,2878.28
LXP,0.01,18.8357,64.95
TTEK,5.87,21.6288,79.29
EPAC,1.35,12.2132,69.71
CRAI,6.24,13.3681,95.83
ACI,2.82,6.7183,726.58
WBD,0.36,11.7929,101.08
ENS,8.85,11.6864,55.77
CAR,25.79,8.6525,0
ROIC,0.32,16.0828,101.41
AKR,0.09,24.7470,82.06
SR,4.33,11.0263,154.05
AMRK,4.9,7.6266,115.3
RYI,3.21,6.6908,85.31
PRFT,4.37,13.7564,89.11
CPE,8.23,2.7894,64.02
MRC,1.4,7.6052,75.19
JLL,15.1,10.9963,67.93
FSS,2.83,15.8059,47.18
SPLK,4.39,209.2367,0
UBER,1.06,353.9418,113.8
MCFT,2.54,2.4253,27.94
MGPI,6,16.4767,41.96
PLMR,3.89,15.9870,17.26
OII,1.5,10.6807,173.91
KFRC,3.5,11.0060,20.93
CBT,6.57,8.0975,97.63
FICO,24.02,38.5437,0
WTM,55,20.1706,13.72
HELE,10.26,12.0529,58.04
PBH,4.66,10.8258,90.21
SAMG,1.81,7.0643,26.59
VICR,1.44,42.1409,1.75
MLAB,1.34,19.7652,47.65
APPS,0.95,12.5940,67.76
DFIN,3.32,12.3012,70.35
NTCT,2.31,10.5094,7.79
SSRM,0.94,15.2990,8.01
NVEE,5.93,16.4420,36
FHI,3.62,7.3871,36.92
PTLO,0.41,25.5550,121.37
GNL,1.45,13.9521,188.16
VREX,1.47,10.2087,86.24
IIIV,1.83,17.8237,129.56
ARKO,0.32,12.0325,672.56
CCSI,5.39,8.1365,0
GNK,2.16,4.5389,16.07
CIX,1.61,7.2681,0
ATEN,0.94,16.2997,9.93
BURL,7.45,19.8709,552.51
DXLG,0.43,5.5329,99.69
ASTE,3.38,14.5275,11.38
ETRN,0.96,11.5339,329.12
ALRM,1.96,33.5441,78.8
GOGO,0.59,13.8767,7410.87
SWN,1.12,1.6469,64.74
ARW,15,5.6228,73.59
IRDM,0.31,21.0795,149.57
KWR,8.56,13.5637,68.82
SPWH,0.46,13.4966,207.19
ADUS,4.73,15.0731,20
MCW,0.36,15.0376,202.22
MXL,1.39,9.1086,21.67
FND,3.03,20.3798,89.96
CDAY,1.65,76.2055,55.77
ITRI,2.73,23.1721,39.84
NPK,0.87,11.7241,3.2
HOV,0.72,6.9497,260.43
THS,2.92,12.3957,101.87
VEEV,5.52,74.0746,1.41
ATRO,0.77,193.4199,90.44
CNX,2.17,1.9602,58.7
MASI,3.9,22.7069,75.32
IRMD,1.63,31.6511,3.26
INST,0.95,26.8043,39.88
SEAS,4.75,7.9764,0
AN,21.28,7.0613,346.3
DLX,3.31,7.5563,282.82
ACIW,1.38,17.2822,95.38
HMN,3.24,65.9229,45.22
BRKR,2.88,17.8585,99.91
SRC,1.48,14.0073,84.1
EZPW,0.87,6.6636,83.38
PTSI,2.2,4.0641,74.3
WTS,7.98,15.3679,6.93
SHYF,1.01,8.9036,40.41
SMG,3.21,13.5137,2502.67
SSD,8.66,12.2752,39.86
UEIC,0.94,9.2215,47.18
ATKR,16.47,5.8446,61.18
XRX,1.75,9.3333,91.79
CDRE,1.08,14.1117,82.91
NWN,2.78,8.7802,133.52
VRTV,17.6,6.3033,59.95
NABL,0.37,34.9150,55.68
CCK,7.2,12.1777,274.84
CNHI,1.8,11.8868,329.93
SPWR,0.23,67.7896,84.47
HTZ,2.13,14.8662,656.64
GPI,40.46,6.3925,145.28
DDS,30.76,4.4994,32.28
HAIN,0.64,12.5689,91.29
PRDO,2,3.1631,3.79
PLUS,5.72,9.5048,32.43
CC,4.67,21.8457,478.76
VICI,2.56,16.7162,72.46
KNTK,2.67,20.0751,157.71
PRM,0.27,7.5004,67.45
SCVL,3.44,6.2074,65.64
SNPO,0.7,15.2328,78.54
AMN,6.83,7.0723,140.01
MLI,5.5,3.8677,1.52
ENR,3.38,10.8912,2094.13
GRC,1.63,13.0204,125.65
COTY,0.56,15.0893,108.02
OVV,7.83,3.8007,76.09
OC,13.78,6.6676,64.42
GFS,2.69,10.9006,26.32
ADNT,3.69,7.6051,109.8
NCR,3.71,8.2044,315.2
NXST,27.79,6.7329,280.26
MITK,1.18,16.5697,71.03
SPTN,2.47,8.3903,108.41
EXP,15.25,10.0210,95.81
IIPR,5.63,11.4050,15.46
PINC,2.37,5.9771,19.35
STKL,0.11,13.6372,133.44
CODI,2.12,10.9862,137.33
ETD,3.4,4.9544,27.8
LXFR,1.1,9.6363,52.93
NXT,2.12,29.3788,26.44
STER,1.34,16.5560,70.57
UMH,0.08,22.8081,114.48
AEO,1.16,9.4246,82.69
TPB,2.52,8.3584,302.77
FLR,2.64,26.4350,50.56
ESTE,3.89,3.1222,41.26
STKS,0.66,13.4061,278.37
ALSN,7.29,7.4052,238.73
PAG,15.93,11.3424,165.96
M,2.81,4.7988,141.85
JELD,1.66,7.7318,232.54
FR,1.39,23.1240,86.05
ACMR,1.21,11.2200,9.71
CRI,6.3,9.4791,136.16
EMBC,2.02,7.4322,0
HLF,3.49,6.5510,0
SIGA,1.18,6.9822,1.44
NHC,0.43,12.4099,12.34
SCCO,4.26,12.6149,88.75
VRNT,2.85,17.1568,35.09
PNTG,0.85,21.5349,241.49
PWSC,0.97,42.3266,43.16
GMED,2.6,15.0493,0
AVO,0.7,19.3245,53.32
CNMD,4.41,27.6785,133.44
SKYT,0.22,20.9201,161.01
APG,1.82,16.2556,93.2
ZEUS,3.24,8.1383,51.23
SLCA,1.64,4.1915,121.31
RCM,0.27,19.6533,67.91
MSGE,1.31,14.7115,0
MAT,1.48,16.1962,134.96
BLDR,12.09,7.2554,96.35
CAL,4.64,7.3695,171.11
TITN,4.97,7.0148,124.97
AWI,5.41,12.6455,123.42
KRG,0.11,18.7168,80.32
OI,3.11,5.9201,234.25
ESI,1.51,15.6936,87.98
EQT,4.34,2.9419,38.78
ICHR,1.3,13.4233,57.56
CHRD,26.19,2.7635,8.84
ZIMV,0.77,9.9805,75.5
JBT,4.84,14.9384,103.18
CMRE,2.88,5.4131,117.88
HRMY,3.3,11.8128,39.93
SKWD,2.3,9.7827,24.61
RMR,1.79,2.4512,7.16
WRLD,11.83,12.5981,168.16
VSEC,3.52,13.0750,83.71
MMSI,3.2,20.6257,33.82
ORA,2.66,16.1527,84.58
VRRM,1.17,12.4459,253.2
PRMW,0.95,10.0813,137.91
UTZ,0.63,28.1007,74.05
TH,1.02,5.3979,78.72
OEC,2.73,6.5716,208.19
IRWD,0.74,7.8487,0
AVA,2.49,11.6558,121.74
ECPG,7.66,14.6598,262.37
WOW,0.22,8.5914,220.64
LTHM,2.46,7.7636,15.11
COHR,2.76,10.7673,62.36
EQH,6.44,4.6973,92.07
SBH,2.09,5.8920,346.62
OSW,0.72,19.5342,46.36
ELF,2.72,59.5391,16.89
CIR,2.87,12.4525,357.97
LCUT,0.95,9.0683,138.72
MPX,1.3,6.7548,0
RICK,5.5,10.0891,100.45
RLI,5.37,6.6235,15.72
MIDD,10.59,12.1351,91.97
MAN,6.88,7.4262,57.69
SBOW,15.41,2.3360,80.43
LAD,37.69,9.1485,171.39
CROX,13.1,7.8828,192.42
KOS,1.06,7.2452,262.6
FCN,8.07,17.3167,33.14
WWD,4.82,23.5328,37.23
AIRS,0.2,55.2541,137.99
TG,1.11,14.2631,84.72
SAFE,1.55,21.8499,177.59
KRC,1.46,13.3216,80.06
LSXMK,3.24,9.3080,105.12
REVG,1.29,11.1718,58.92
WTW,15.87,11.7264,62.68
OMI,2.06,10.6432,294.08
HZO,4.57,5.9983,119.17
CSWI,7.91,17.5944,47.32
ALEX,1.07,18.5139,49.53
VZIO,0.24,35.4735,3.34
RS,19.24,7.2121,17.91
PLOW,2.42,12.7249,125.02
NWE,3.57,11.7878,99.32
MLKN,2.27,8.0803,121.56
NYT,1.57,19.9055,0
YELP,1.64,27.5732,14.96
MDC,5.68,5.2033,50.94
DK,0.95,10.6627,310.18
LBRDA,7.99,57.3258,45.48
KMPR,3.94,158.4333,57.71
ARRY,1.45,17.7308,123.48
PRVA,0.29,162.9433,1.7
QGEN,2.2,18.3229,53.6
WERN,3.04,6.5095,44.35
DOCN,1.75,35.3494,0
ANIP,4.29,16.1763,66.94
PDFS,0.96,91.1399,3.03
USNA,3.68,7.5419,0
VHI,2.66,13.8824,44.84
LIVN,3.13,36.6780,50.31
THRN,0.61,30.0875,48.13
AROC,0.83,10.4427,193.18
KBR,3.62,16.8953,120.93
PPC,2.16,10.2808,129.78
TGH,5.16,9.6701,265.22
MTX,5.99,7.6773,62.76
