3.34,35.9038,1.41,Buy
7.62,9.5380,0,Hold
1.71,11.2318,37.88,Buy
14.98,4.2280,87.71,Buy
-0.87,-5.2791,8.74,Hold
9.07,9.5232,215.09,Hold
7.04,4.8421,45.49,Hold
-0.47,-4.4458,2.98,Buy
2.62,7.2283,28.36,Hold
-5.68,-4.5663,21.39,Buy
0.4,15.8015,214.47,Buy
3.86,13.3911,12.76,Hold
3.8,10.3491,0,Hold
2.59,1.3790,24.97,Buy
1.66,7.7318,232.54,Hold
0.8,43.2793,0.02,Buy
-3.46,-8.0745,465.15,Buy
0.87,11.4818,90.59,Hold
3.24,65.9229,45.22,Hold
8.17,12.3432,68.21,Buy
4.31,11.2683,109.25,Hold
4.82,23.5328,37.23,Hold
15.52,23.4610,38.2,Buy
2.91,9.0926,130.15,Hold
3.69,7.3173,109.8,Hold
0.48,-11.3946,140.45,Buy
3.46,32.2570,163.53,Hold
1.01,10.4460,66.86,Buy
1.8,16.5969,24,Buy
5.08,5.3286,70.33,Buy
4.45,4.8778,32.31,Buy
1.32,9.7636,134.34,Buy
0.78,33.2199,41.79,Buy
0.81,8.4958,117.94,Hold
1.38,7.5555,93.45,StrongBuy
-3.38,-10.4089,1.78,Buy
3.39,4.8112,53.34,Buy
-0.83,-21.9349,7.48,StrongBuy
0.39,62.5093,3.62,Buy
2.04,5.9322,49.66,StrongBuy
1.6,30.1390,0.61,Buy
-0.3,13.6871,214.56,Buy
3.81,8.9522,222.46,Buy
1.71,35.4305,0,Hold
-1.92,-0.5721,1.94,Buy
5.16,9.6701,265.22,Buy
0.59,13.8767,7410.87,Buy
2.19,4.3659,90.61,Buy
3.43,20.5632,65.81,Hold
5.83,4.4661,93.75,Buy
18.94,10.1143,26.7,Hold
2.15,3.3633,40.57,Hold
0.89,15.8295,39.65,Hold
2.26,15.2296,42.95,Buy
-3.38,-1.9844,3.08,Buy
-1.63,-2.4126,163.2,Buy
14.25,6.3002,13.51,Buy
-0.23,-34.8262,33.47,Buy
8.19,26.7080,441.07,Hold
12.04,9.9822,42.07,Buy
1.75,9.6035,46.68,Buy
16.65,2.6267,18.81,Buy
3,4.6232,4.18,Hold
1.23,14.6477,28.34,Buy
0.72,17.2077,17.88,Hold
0.82,7.5847,76.91,StrongBuy
4.57,5.9983,119.17,Buy
-0.06,-83.1532,50.13,Sell
5.99,10.2705,0,Buy
-2.07,-2.5680,4.16,StrongBuy
1.01,15.2315,6.18,Buy
4.22,5.0667,50.24,Buy
0.78,68.5870,4.17,Buy
4.39,209.2367,0,Buy
0.14,-33.3868,0.09,Buy
2.14,6.4152,65.33,Hold
-0.26,-36.4619,927.64,Hold
3.25,3.4353,52.86,Buy
0.23,44.9428,107.17,Buy
5.62,16.9768,141.34,Hold
3.38,14.1083,11.38,Buy
1.33,7.1856,0,StrongBuy
3.03,20.3798,89.96,Buy
-4.5,-0.3828,16.02,Buy
12.67,16.4052,61.17,Hold
3.83,22.5670,126.77,Hold
0.4,-45.4071,6.12,Buy
-0.21,-8.6496,74.58,Buy
2.22,6.8705,146.88,Buy
23.3,6.9844,65.75,Buy
0.15,-43.6292,7.22,Buy
-2.4,-1.5311,9.3,Hold
0.17,15.7742,86.1,Hold
3.38,5.8620,59.56,Buy
5.79,6.6347,121.13,Buy
4.64,12.2260,158,Buy
2.24,26.0534,51.14,Buy
4.24,10.0292,13.43,Hold
3.49,6.5510,0,Hold
-0.3,-55.0492,22.48,Buy
-2.98,-8.9197,1.17,Buy
-0.63,-7.3438,79.66,Buy
0.23,13.5077,318.3,Hold
6.69,5.9391,82.81,Buy
0.55,11.9676,114.59,StrongBuy
3.41,6.4196,1.6,Buy
1.27,26.1696,98.97,Buy
0.99,8.4063,231.28,Buy
-1.75,-0.3505,31.71,Buy
-0.85,-1.8644,1.93,Buy
26.01,18.5128,14.46,Buy
4.48,-68.5168,612.49,Buy
-0.63,-16.1442,0,Buy
10.36,5.5757,57.83,Hold
2.23,25.9330,92.15,Hold
-0.15,-12.7161,0,Buy
1.8,11.7744,329.93,Buy
0.5,47.5057,98.13,Buy
10.57,8.9737,116.33,Hold
1.9,11.2176,473.28,Hold
3.04,6.5095,44.35,Buy
2.13,14.8662,656.64,Buy
-2.54,-5.3700,0.83,Buy
32.9,11.9501,272.27,Buy
-0.7,-11.4128,0,Buy
4.35,10.0619,104.02,Buy
1.72,4.0793,97.5,Hold
10.41,3.6158,60.86,Buy
11.81,13.8249,93.45,Buy
2.42,8.5982,160.16,Hold
3.49,-581.2633,42.27,Buy
2.17,1.9666,58.7,Hold
1.52,2.7163,2037.52,Hold
0.59,10.8745,827.86,Hold
1.84,10.9733,171.78,Buy
2.83,15.8059,47.18,Buy
5.91,14.2033,122.09,Buy
2.32,14.8475,192.03,Hold
8.56,19.1960,120.52,Hold
5.8,12.6281,205.37,Buy
0.99,13.4481,7.3,StrongBuy
3.09,9.1588,225.89,Buy
0.24,2.2661,44.76,Buy
0.18,18.5625,2778.21,Hold
6.83,6.9114,140.01,Buy
-3.18,9.7040,80.89,Hold
3.84,11.0906,125.17,StrongBuy
-0.75,-8.1363,6.4,Buy
4.24,13.5829,30.04,Buy
0.41,27.3432,18.51,Buy
9.68,9.1068,75.02,Buy
-3.29,1.9740,100.58,Sell
8.14,21.5626,6.86,Hold
1.32,10.8228,77.36,Hold
-0.32,5.1769,189.6,Buy
2.13,9.9152,559.12,Buy
2.31,10.5094,7.79,Hold
0.77,6.8795,69.75,Buy
2.4,15.6436,76.99,Buy
1.94,18.5142,2702.6,Buy
0.26,14.0862,45.51,Hold
-2.33,-1.5109,0.92,StrongBuy
1.3,13.4233,57.56,Buy
1.3,-17.8328,131.76,Buy
4.07,10.3392,0,Sell
6.71,19.3759,29.3,Buy
-0.46,-4.4497,0,Buy
4.62,8.6200,14.28,Buy
0.6,45.4116,0,Hold
0.21,30.4487,3.07,Buy
6.75,7.5790,215.7,Buy
-3.31,-2.7118,27.51,Buy
4.33,15.9111,14.27,Hold
3.13,36.6780,50.31,Buy
-0.2,-11.5914,301.46,Buy
5.61,21.0198,20.22,Hold
-3.99,11.1884,11.29,Buy
0.96,91.1399,3.03,Buy
8.14,21.7585,0,Buy
-0.56,-15.7197,129.62,Buy
0.84,2.3419,55.62,Hold
0.55,6.0984,426.12,Buy
13.01,14.4663,418.83,Sell
2.64,38.6155,46.91,Buy
5.24,5.6122,53.52,Buy
0.43,14.2022,18.77,Hold
0.01,-9.0901,0.43,Hold
0.59,8.2579,268.44,Buy
0.11,13.6372,133.44,StrongBuy
3.9,7.4647,85.42,Buy
6.52,50.6063,0,Buy
1.88,4.7212,4.28,Hold
5.04,11.8505,166.24,Hold
0.82,10.9931,226.03,StrongBuy
2.7,14.3175,139.25,Hold
4.06,17.4719,211.96,Buy
4.21,16.2985,18.99,StrongBuy
1.65,-8.4492,71.56,Buy
5.27,40.5842,109.27,Hold
1.23,15.8066,53.71,Buy
3.4,15.3797,369.49,Buy
-0.16,-12.9725,111.07,Buy
0,41.0658,187.82,Hold
-0.19,-26.4769,24.09,Buy
-0.04,14.4656,27.61,Hold
2.15,-164.5954,173.12,Buy
-1,-21.9041,1.31,Buy
-1.65,-5.2992,11.28,Hold
-0.2,-1.6683,1.67,Buy
14.91,13.7298,58.96,Buy
9,6.8722,53.06,Hold
2.65,16.6518,13.62,Buy
3.68,7.5419,0,Hold
-0.96,-2.7735,25.55,Hold
-1.83,-1.0856,71.72,Buy
0.41,23.5752,102.37,Buy
1.04,6.6752,49.46,Buy
0.14,-14841.9880,8.31,Buy
0.17,-5.5715,22.96,StrongBuy
0.38,-95.8471,4.27,Buy
1.74,8.1483,42.21,Buy
4.78,14.7855,100.75,Buy
-0.43,-8.8766,11.56,Buy
1.94,-85.3986,1118.19,Hold
1.99,2.3624,457.25,Buy
4.39,14.5895,112.01,Buy
6.4,128.2752,133.32,Buy
0.38,-39.0191,55.17,Buy
10.69,19.8512,0,Hold
0.81,8.5878,11.56,StrongBuy
2.98,9.7088,40.09,Hold
-0.33,-12.9952,25.8,Buy
-0.14,-64.8211,1484.75,Buy
1.22,11.6487,92.86,Buy
-2.27,-0.0052,0.65,Hold
6.45,17.8581,75.27,Buy
16.07,20.0562,7533.95,Hold
8.56,13.5637,68.82,Buy
4.19,43.4988,45.94,Hold
1.65,22.5076,46.23,Buy
0.08,-4.1593,1.96,Hold
3.15,21.7903,158.85,Buy
0.82,6.4545,359.71,Buy
1.41,6.0117,3.47,StrongBuy
2.85,20.7160,111.9,Buy
2.21,5.7216,7.33,Buy
3.11,5.9201,234.25,Buy
0.32,16.0828,101.41,Buy
18.56,9.4395,61.43,Buy
5.09,16.5936,229.88,Buy
1.12,21.5742,38.13,Buy
5.04,9.1805,61.51,Buy
7.39,18.3458,71.67,Buy
5.1,11.2141,20.59,Hold
0.59,58.3709,611.27,Buy
27.01,11.6286,91.64,Buy
17.45,12.0804,107.49,Buy
0.74,17.8320,92.17,Buy
19.95,10.0975,74.05,Buy
1.29,-389.0258,802.88,Buy
45.13,22.3838,0,Hold
1.97,2.0623,60.52,Hold
2,15.8047,78.65,StrongBuy
-2.85,3.4471,27.06,Buy
-0.02,-39.9151,7.18,Buy
1.15,15.3589,122.88,Buy
0.46,13.4966,207.19,Buy
0.01,5.5321,0,Hold
0.36,11.5193,125.74,Buy
71.54,25.2683,0.2,Buy
-0.57,1612.2267,29.89,Buy
2.02,5.4076,663.8,Hold
5.9,9.1719,56.77,Buy
0.74,53.6555,17.82,Buy
0.52,23.0005,58.24,Buy
7.71,16.4141,30.23,Buy
18.04,9.9540,152.34,Buy
0.89,34.6962,0.69,Hold
9.99,12.1416,104.42,Buy
2.62,1.8638,48.27,Buy
15.03,5.6728,59,Buy
0.83,41.0781,54.96,Buy
0.49,-14.9416,28.16,Hold
0.12,16.8144,29.16,Buy
3.1,38.4668,7.18,Hold
0.62,-60.9095,0,Hold
2.2,18.3229,53.6,Buy
1.08,3.4916,0.2,Buy
0.55,23.3409,55.94,StrongBuy
1.86,17.7306,105.36,Buy
4.24,56.2433,149.19,Buy
-1.55,-4.9262,104.18,Buy
-10.01,-1.7506,6.95,Buy
7.47,4.3533,48.73,Hold
2.01,7.8976,48.66,Hold
0.31,21.0795,149.57,Buy
59.5,6.0203,29.93,Sell
5.99,7.6773,62.76,Buy
4.41,27.1479,133.44,Buy
3.89,8.4124,79.5,Hold
2.36,11.7605,40.99,Buy
5.07,14.6896,73.54,Buy
3.58,9.2515,0,Buy
13.13,23.6897,2.09,Hold
9.74,13.3326,73.42,Buy
9.92,14.9624,175.94,Buy
-0.1,-14.3085,73.69,Buy
0.69,-2.8266,43.6,Buy
3.99,8.5244,176.61,Hold
0.63,28.1007,74.05,Hold
-2.47,-7.4091,0,Buy
0.22,-3.5957,0,Buy
0.19,3.5492,0.42,Sell
8.4,14.8660,99.47,Buy
0,-822.6628,152.44,Buy
0.64,10.1461,0,Buy
1.11,18.3120,80.99,Buy
23.63,1638.3861,42.78,Buy
2.15,17.6385,84.93,Buy
0.83,7.7131,277.46,Buy
2.14,-20.9176,12.14,Buy
2.09,11.5575,35.55,Buy
0.04,-147.6172,41.92,Buy
-7.58,-11.0573,714.72,Hold
3,4.1882,31.46,Hold
4.89,8.1105,36.4,Hold
-1.26,525.9780,321.17,Buy
1.39,55.2663,1308.54,Buy
-0.5,-10.9195,4.4,Buy
13.82,6.6688,27.93,Buy
6.09,26.7258,146.66,Buy
-3.76,-2.1663,0,Buy
-1.93,-1677.8460,0.39,Buy
0.71,11.1393,0,Buy
1.19,6.5010,8.98,Buy
-1.1,11.4697,151.88,Buy
1.68,2.3820,38.25,Hold
7.81,-0.9787,129.68,Hold
3.51,66.2406,7.3,Buy
2.71,38.9283,138.3,Buy
20.94,7.5585,14.79,Buy
2.44,9.8176,230.63,Buy
6.21,15.1637,427.7,Hold
1.24,9.0357,244.14,Buy
0.99,4.9221,320.78,Hold
0.73,-195.1502,0,Buy
11.65,29.1453,156.72,Buy
2.82,22.1588,52.77,Hold
-0.43,-13.2766,117.73,Buy
2.12,19.2371,18.29,Hold
0.55,0.4651,25.91,Buy
0,-36.2848,23.26,Buy
2.24,100.5018,252.36,Buy
13.42,4.1098,86.84,Buy
8.83,19.9495,134.78,Buy
6.18,22.8507,181.31,Buy
0.47,10.6711,79.94,Buy
3.09,7.1672,0.24,StrongBuy
-4.41,-6.5195,0,Buy
4.47,15.5370,64,Buy
-0.81,-19.1171,13.55,Buy
14.54,12.4570,0,Buy
4.15,54.4482,5.19,Buy
6.63,18.7025,27.39,StrongBuy
14.97,33.7319,0,Buy
2.5,4.0916,21.64,Buy
17.68,12.0661,907.6,Hold
4.82,18.3023,93.37,Buy
5.63,11.4050,15.46,Hold
-3.17,-13.5090,0,Buy
0.89,13.6265,555.67,Buy
0.67,4.4895,17.48,StrongBuy
0.9,4.5695,52.67,StrongBuy
6.88,9.0859,84.36,Hold
6.17,13.3234,62.01,Buy
1.71,10.0712,134.73,Hold
10.64,17.3894,406.21,Buy
-2.41,-33.2858,0,Buy
2.57,9.5765,41.72,Buy
-3.76,-2.9114,22.37,StrongBuy
4.83,20.1511,392.9,Buy
1.49,29.7099,5.92,Buy
7.65,8.5831,131.04,Hold
4.84,8.5482,0,Hold
2.54,3.6649,77.58,Hold
-7.79,-1.2671,0.97,Buy
7.66,10.6248,109.24,Buy
1.3,11.6691,50.16,Buy
0.85,7.4116,79.12,Hold
0.59,14.6417,596.87,Buy
2.8,25.4539,49.53,Buy
3.38,2.3525,73.71,Hold
-0.56,-40.1202,0,Buy
-0.01,-10.4001,60.81,Buy
4.74,13.5787,112.75,Hold
-0.15,-5.5923,4.99,Buy
2.25,3.3363,2.13,Buy
1.76,43.4097,0,Buy
-2.2,-0.8961,15.77,Buy
12.39,6.1565,91.52,Buy
6.45,-296.8013,73.9,Buy
1.06,7.8959,80.76,Hold
-3.5,-1.0022,6.88,Buy
1.64,7.8360,79.14,Hold
3.22,17.4211,2853.65,Hold
3.22,22.1137,28.4,Hold
5.68,5.2033,50.94,Hold
-1.88,-0.8073,6.9,Buy
15.29,17.8270,42.4,Buy
13.14,4.0432,97.82,Buy
2.68,10.1410,103.48,Buy
1.14,3.4129,0.61,Hold
1.18,5.7577,8.4,Hold
3.94,158.4333,57.71,Buy
10.81,20.1937,339.86,Buy
2.29,4.3318,10.95,Buy
1.94,11.6117,100.44,Buy
1.35,6.8481,98.57,Buy
0.6,18.2308,0.43,Buy
0.7,13.1805,112.36,Buy
0.47,13.7444,80.1,StrongBuy
1.66,68.1200,67.57,Sell
7.95,8.2968,294.36,Buy
10.18,12.6561,59.68,Buy
2.58,7.0932,5.69,Buy
1.1,12.6992,42.43,Buy
4.86,7.2314,93.63,Hold
6.24,8.9271,7.2,Buy
0.82,18.7200,0.83,Buy
1.1,33.1000,42.42,Buy
1.71,19.0733,43.53,Buy
0.7,16.6937,33.65,Buy
2.05,5.0302,109.28,Buy
3.72,8.5250,57.41,Buy
1.77,1037.4173,696.07,Hold
-2.1,-0.8737,0.34,Buy
28.28,10.7275,71.9,Buy
-1.12,-1.8838,3.91,StrongBuy
0.17,-9.2047,44.68,Buy
19.46,9.3841,73.61,Buy
2.22,33.0335,46.03,Buy
1.44,6.2719,79.2,Buy
6.38,10.5459,31.26,Hold
1.79,4.0673,11.46,Hold
5.13,20.5440,36.74,Buy
2.03,10.3044,150.82,Buy
-1.02,-5.3007,2.49,Buy
-0.95,-6.2333,6.24,Buy
0.93,30.3614,0.07,Buy
3.24,9.3080,105.12,Buy
5.06,32.3802,74.39,Buy
-5.09,38.7514,6.89,Buy
0,19.9675,161.87,StrongBuy
0.23,67.7896,84.47,Hold
0.48,22.7970,0,StrongBuy
-0.45,-6.4718,1.49,Buy
5.65,289.2964,186.47,Buy
-0.43,-3.6110,105.6,Hold
1.33,9.3515,144.35,Buy
0.68,17.3047,110.48,Buy
9.92,9.7407,177.26,Buy
1.2,7.0944,63.73,Buy
1.69,18.4125,66.97,Hold
0.11,-12.3353,3.12,Hold
1.13,13.7995,72.45,Buy
2.02,12.0565,43.97,Buy
3.1,9.8118,156.17,Buy
-0.35,-278.2460,1.39,Buy
2.38,7.0330,29.7,StrongBuy
0.33,10.0842,0,Hold
3.56,0.2605,5.11,Buy
1.91,8.0596,6458.33,Hold
0.94,16.6808,9.93,Buy
0.16,-8.1014,64,Buy
1.01,16.2411,87.6,Buy
-2.45,-2.4796,5.73,StrongBuy
1.69,12.0042,75.53,Buy
5.72,12.2222,37.59,Hold
2.27,4.2671,34.95,Buy
-1.2,-3.4105,105.24,Buy
1.02,19.4733,73.65,StrongBuy
-2.52,-23.5982,0,Hold
5.09,17.4842,23.89,Buy
-1.86,-2.5773,10.11,Buy
5.84,5.9560,85.91,Hold
6.77,9.2717,119.68,Buy
4.1,13.1503,53.55,Hold
3.08,14.0760,140.05,Buy
-0.43,9.1266,189.98,Hold
5.92,19.8311,0,Buy
2.87,-43.9576,5.01,Buy
0.47,24.1895,27.8,Buy
5.32,8.5652,19.62,Hold
1.2,5.3189,134.95,Sell
10.82,4.3725,433.64,Buy
1.35,12.6144,69.71,Hold
1.02,5.2133,78.72,StrongBuy
-2.82,-6.5301,31.89,StrongBuy
1.36,-48.5005,41.99,Hold
-0.01,-8.4937,269.49,Buy
2.35,13.7853,51.46,Hold
-4.28,-13.2783,0.43,Buy
-0.87,3.5837,1.29,Buy
0.53,171.4530,1.75,Buy
-1.41,-9.5491,69.44,Buy
40.46,6.3925,145.28,Buy
10.83,9.4910,207.67,Buy
0.8,4.8476,462.41,Hold
1.15,665.4234,54.4,Buy
4.8,32.2782,14.92,Buy
2.2,4.0641,74.3,Hold
2.78,8.7802,133.52,Buy
6.8,4.2815,38.08,Hold
1.97,19.2744,9.9,Sell
1.21,10.8503,99.59,Hold
1.09,15.3919,75.38,Buy
4.06,5.4165,70.56,StrongBuy
-3.46,-8.3748,6.8,Buy
-3.67,-11.5897,1.06,StrongBuy
13.78,6.6676,64.42,Buy
4.59,7.7703,0,Hold
5.13,17.7677,126.41,Buy
-0.78,-2.8849,8.98,Buy
8.57,9.4719,74.72,Buy
3.25,9.5735,128.01,Hold
-1.44,-17.6614,14.89,Buy
1.47,13.0775,2.83,Buy
3.07,2.0601,71.12,Buy
-2.65,-3.4176,0.6,StrongBuy
2.52,45.6714,0,Hold
6.64,5.8290,69.47,Hold
0.24,18.0298,241.15,StrongBuy
30.76,4.1143,32.28,Hold
-2.03,-1.6819,1.01,Buy
0.88,33.6692,40.47,Buy
0.7,1.7862,26.75,Buy
5.9,4.0661,50.24,Buy
-2.86,-12.1990,0,Buy
17.36,0.7771,28.2,Hold
1.23,13.7283,117.42,Buy
5.07,6.9749,115.3,Buy
9.59,8.0837,71.71,Buy
1.11,-27.9131,78.3,Buy
0.09,9.6331,44.67,Buy
3.99,5.8086,23.39,Buy
0.78,15.7739,113.09,Buy
1.22,20.1971,78.85,StrongBuy
0.11,-192.5637,11271.23,Buy
3.05,9.9874,49.29,Hold
-0.53,-6.7872,25.96,Buy
-0.41,2.4368,0,Buy
4.02,12.3116,82.87,Hold
1.19,7.5302,0,Buy
1.61,20.2099,4.51,Buy
0.13,32.9372,6.2,Hold
1.86,9.5989,84.66,Buy
7.83,3.8007,76.09,Buy
4.33,13.6312,73.77,Buy
8.54,13.2957,75.53,Buy
16.34,6.9183,69.45,Hold
0.58,8.6951,72,Buy
2.73,6.5716,208.19,Buy
4.32,13.2996,154.43,Buy
-2.43,-2.2515,186.89,Buy
1.14,11.9251,236.44,Buy
16.71,17.2537,27.59,Buy
7.12,14.0127,193.53,Hold
-4.95,-3.8872,16.95,StrongBuy
3.4,4.9544,27.8,Buy
6,1.6446,59.19,Buy
0.61,7.6467,121.65,StrongBuy
0.95,11.4051,153.58,Hold
-4.9,-4.6177,1246.52,Buy
7.84,14.8719,40.41,Buy
0.65,14.7724,135.59,Hold
7.41,20.7516,153.55,Hold
1.17,-7421.7360,282.02,Buy
7.99,57.3258,45.48,Buy
2.12,10.7697,137.33,Buy
1.3,21.3434,215.2,Buy
-5.66,-2.4986,21.82,Buy
2.61,4.5341,67.31,Hold
2.25,10.7832,1411.51,Buy
2.64,26.4350,50.56,Buy
6.8,28.9312,0.88,Buy
1.01,8.9036,40.41,Buy
-0.51,-6.2204,0.11,Buy
0.29,162.9433,1.7,StrongBuy
1.7,10.5821,174.08,Hold
1.55,21.8499,177.59,Buy
0.09,24.9527,82.06,Hold
23.38,6.6315,36.32,Buy
2.07,6.4606,5.36,Buy
-5.26,-5.4114,4.28,StrongBuy
18.17,19.0933,2878.28,Hold
1.17,62.7517,9.19,Buy
0.54,-163.8573,6.21,Buy
-0.03,17.9452,90.67,Hold
0.24,16.2122,70.74,Hold
0.53,8.3100,159.14,Buy
0.89,23.6790,75.91,Buy
8.66,12.2752,39.86,Buy
3.13,15.1430,144.65,Buy
1.34,8.7165,79.64,Buy
1.46,60.3787,15.47,Buy
3.16,4.0868,87.72,Buy
-1.98,-11.4535,0.31,Buy
7.6,4.0150,12.76,Hold
0.17,-427.0126,0.49,Buy
2.88,8.6338,118.8,Buy
3.04,10.1769,123.06,Buy
-3.75,-1.3973,253.66,Buy
0.48,9.2174,24.25,Buy
2.75,10.8471,0,Hold
0.73,5.2867,131.94,Buy
4.67,20.6331,478.76,Hold
2.19,7.4335,215.93,Hold
7.66,14.5089,262.37,Buy
0.95,9.0683,138.72,StrongBuy
4.94,12.8087,32.39,Buy
4.14,28.3973,79.01,Buy
1.8,11.2751,211.24,Buy
5.98,18.9693,103.72,Hold
9.7,17.9447,80.08,Hold
0.41,0.7224,21.69,Buy
15.62,90.5210,39.83,Buy
-0.64,10.0813,80.74,Hold
4.75,7.9764,0,Buy
0.12,90.0889,290.56,Buy
0.17,-33.6639,0,Buy
2.82,-104.0196,139.47,Buy
-4.46,-5.7370,8.86,StrongBuy
7.07,10.3876,712.16,StrongBuy
1.1,11.0777,197.68,Buy
2.64,7.7594,25.99,Hold
0.3,386.2420,63.76,Buy
-1.24,52.8523,29.77,StrongBuy
1.66,8.0043,269.12,Buy
1.58,2.7790,189.06,Buy
-2.54,-22.5359,66.25,Buy
0.67,15.9030,213.25,Hold
2.11,25.8213,18.68,Buy
4.64,16.3032,45.67,Hold
6.8,7.2630,411.66,Hold
1.53,6.9039,157.13,Hold
2.18,4.0742,40.87,Buy
4.16,14.4983,90.89,Buy
4.91,19.4472,0,Buy
1.82,6.4853,56,Buy
1.07,11.5203,136.06,StrongBuy
14.45,18.8173,16.36,Buy
0.74,7.8487,0,Buy
0.35,39.0056,7.24,Buy
4.73,22.9437,88.13,Hold
7.96,8.7927,72.32,Hold
19.56,2.3434,0.72,Hold
28.09,11.7597,189.88,Hold
0.9,11.6490,116.28,Buy
1.79,29.5637,0.52,Buy
-0.6,-20.0503,47.07,Buy
0.32,10.8824,39.69,Hold
1.04,7.9848,158.43,Buy
0.16,97.5698,141.87,Buy
1.44,4.1866,96.97,Hold
2.15,6.6726,74.68,Hold
5.5,10.0891,100.45,Buy
5.29,19.4278,69.54,Buy
2.62,6.7078,1.66,Buy
1.13,10.0677,30.26,StrongBuy
0.27,7.5004,67.45,Buy
4.51,8.2701,187,Buy
6.1,13.5481,106.6,Buy
8.54,14.2478,54.13,Buy
-1.69,-14.6213,52.98,Buy
0.4,-9.3880,0.99,Buy
1.64,-49.2918,143.94,Buy
6.5,4.5558,60.41,Buy
4.26,17.7595,125.37,Buy
1.36,13.1958,6.87,Buy
1.28,2.2527,70.64,Buy
9.54,560.5570,24.56,Buy
2.87,15.2726,166.75,Buy
0.28,9.2555,28.24,Buy
7.17,6.9033,51.44,Buy
1.79,24.7367,12.85,Hold
-0.74,-10.8822,10.9,Buy
3.57,11.7878,99.32,Hold
1.44,6.3563,41.67,StrongBuy
2.5,5.8454,950.67,Hold
-2.39,-22.5376,22.64,Buy
0.57,17.3597,73.57,Buy
3.1,6.2216,85.51,Buy
2.36,11.3436,289.52,Hold
8.28,4.7557,103.79,Buy
4.41,6.4566,232.25,Buy
1.29,24.8851,4.06,Buy
24.66,10.7714,112.64,Buy
5.5,3.8677,1.52,StrongBuy
0.71,13.8467,153.7,Hold
2.25,8.0525,0,Hold
-3.42,-0.3493,14.5,StrongBuy
18.22,4.5477,40.85,StrongBuy
1.24,11.4126,249.52,Buy
1.36,7.5966,76.72,Hold
2.05,8.5302,319.05,Buy
8.89,15.5113,0.73,Hold
-0.03,33.6339,74.18,Buy
0,8.3338,597.37,Buy
2.19,7.7843,0.99,Buy
4.69,7.2010,5.14,Buy
4.37,13.7564,89.11,Buy
6.75,7.0153,142.12,Hold
3.45,3.5448,60.26,Buy
-0.59,-5.4362,80.8,Buy
3,5.4096,100.08,Hold
25.55,1.7484,46.95,Buy
1.19,8.5300,0,Buy
1.92,16.2360,56.88,Buy
0.38,12.2049,129.8,Hold
0.2,-18.6658,17.36,Buy
-12.87,-9.2978,96.28,Buy
-2.53,-7.0358,5.6,StrongBuy
-1.1,-8.8499,61.92,Buy
-1.25,-2.1152,94,StrongBuy
-2.31,-7.6817,0.2,Buy
7.07,7.9801,326.34,Buy
1.6,1.6152,0.11,Hold
17.6,6.3033,59.95,StrongBuy
1.59,2.8693,6.51,Buy
6.36,7.6991,58.34,StrongBuy
-0.37,-30.9260,3.06,Buy
-1.75,-0.4474,3.19,Buy
7.18,8.5032,92.26,Buy
5.54,6.4105,95.6,Buy
1.27,6.6573,0.09,Buy
3.5,19.8759,0,Buy
-0.04,9.7679,35.87,Hold
27.79,6.7329,280.26,Buy
7.2,11.8233,274.84,Buy
0.36,-64.1781,1.99,Buy
3.97,16.1297,139.71,Buy
1.26,-35.6716,1.32,Buy
-0.03,-20.7332,58.08,Hold
8.74,4.4032,226.91,Hold
-0.55,-11.9280,0,Buy
3.72,26.2449,6.36,Buy
1.2,2.9258,8.43,Buy
26.08,14.2491,71.17,Buy
0.51,29.1289,429.04,Hold
1.89,53.5698,58.09,Buy
-0.06,-28.7686,1.59,Buy
3.3,11.8128,39.93,Buy
0.69,14.5617,78.54,Buy
-0.93,-12.3459,70.96,Buy
3.8,13.7509,0,Buy
5.57,9.3376,168.77,Hold
0.1,15.5614,32.63,Buy
5.95,3.1258,73.66,StrongBuy
0.14,-14.1744,4.55,Buy
0.49,5.4314,16.5,Hold
6.68,6.8670,300.9,Buy
2.84,22.7073,0,Buy
0.78,21.1138,75.68,Buy
3.28,8.7771,1228.44,Buy
1.16,22.8847,26.29,Hold
0.19,5.9083,922.58,Buy
0,10.9501,87.48,Buy
0.79,1.2403,58.4,Buy
8.29,11.0699,104.1,Buy
2.47,10.1227,10.58,Buy
2.71,4.1042,20.22,Buy
0.49,-73.1105,134.13,Hold
-2.38,-3.4435,12.27,Buy
15.41,2.3360,80.43,Buy
4.24,17.5106,88.47,Buy
6.69,2.1450,36.23,Hold
1.14,10.7851,21.49,Buy
6.82,14.1416,0,Buy
2.85,11.3007,86.67,StrongBuy
0.67,5.1710,47.85,Buy
2.12,16.2811,4.1,Hold
2.38,10.5034,105.42,Buy
0.97,12.8899,47.06,Buy
12.24,120.3678,31.94,Buy
1.78,1.5513,25.91,StrongBuy
0.64,-13.4231,33.29,Buy
3.04,9.2773,125.45,Buy
0.67,97.4204,124.14,Buy
-0.97,-6.1894,1614.23,Buy
-3.35,-17.1759,4.21,Buy
1.7,11.5645,106.6,Buy
0.12,7.3418,68.77,Buy
-3.74,-9.8820,0.41,Buy
1.23,-115.3922,9.62,Buy
0.53,18.1533,204.03,Buy
5.09,11.2093,196.17,Hold
14.17,22.6439,34.46,Buy
2.29,15.7961,61.56,Hold
0.85,11.7493,143.6,Buy
7.38,11.4076,143.04,Buy
9,9.9571,160.73,Buy
-2.35,-1.2672,3.41,StrongBuy
1.82,15.6786,93.2,Buy
4.7,10.9460,78.53,Buy
0.11,19.3617,80.48,Buy
10.97,6.0413,157.24,StrongBuy
0,13.7533,34.45,Buy
-1.57,-2.5736,31.87,Buy
0.25,-14.3079,0,Hold
0.03,-12.7988,1.65,Buy
11.97,13.1518,26.86,Buy
6.03,8.8591,85.05,Hold
1.51,5.2468,72.35,Hold
1.98,4.0262,75.74,Buy
0,28.7224,7.58,Hold
-2.52,28.1338,354.08,Buy
4.59,20.5585,0.84,Buy
4.58,20.4912,57.71,Buy
10.89,15.1048,29.17,Buy
1.23,6.0063,149.14,Hold
0.6,-31.8880,14.87,Buy
0.51,23.5881,83.43,Hold
2.49,11.8695,121.74,Hold
8.67,18.9539,48.65,Buy
1.17,75.5389,544.88,Buy
3.13,60.1050,2.52,Buy
1.3,-6.5228,7.39,Hold
7.75,12.0612,55.36,StrongBuy
4.46,5.6545,34.22,Buy
-2.45,-0.7248,0,Buy
7.8,8.4577,162.56,Hold
3.08,6.9047,66.14,Buy
2.27,8.0803,121.56,Hold
2.81,4.7988,141.85,Hold
2.38,6.4181,29.75,Buy
2.69,18.8737,100.01,Buy
-1.93,-45.9047,78.96,Buy
0.46,7.0753,94.11,Buy
0,-5.3796,2.97,Buy
7.8,4.6561,51.94,Buy
0.32,-30.3088,19.97,Buy
-0.06,44.5652,140.12,Hold
4.69,9.8116,177.62,Buy
10.05,10.2561,169.26,Hold
7.23,22.2955,20.39,Buy
1.38,106.2868,146.01,Buy
17.04,8.0023,126.9,Buy
6.55,21.7936,111.51,Buy
0.94,15.2990,8.01,Buy
4.6,15.2543,42.53,Buy
2.44,7.4682,8.17,Hold
1.64,27.5732,14.96,Hold
8.73,12.7394,14.46,Hold
-3.73,-3.6617,11.84,Buy
0.96,16.4148,298.25,Hold
-0.06,17.2045,85.75,Buy
-1.18,-8.8761,36.92,Buy
23.13,8.2040,302.13,Hold
6.65,14.0784,221.82,Buy
-2.98,-4.4811,2.04,Buy
2.19,15.1710,98.17,Buy
-2.3,-4.7312,0.14,Buy
4.28,3.6005,100.87,Buy
0.2,56.3898,137.99,Buy
3.66,14.2909,71.25,Buy
0.35,291.8312,0.01,Hold
-6.81,-5.5972,13.5,Buy
-0.69,-8.0622,11.84,Hold
-0.16,-68.1155,3.11,Buy
3.29,12.5853,25.7,Buy
-0.18,11.5827,70.89,Buy
0.44,21.7250,96.55,Buy
4.49,7.2299,122.55,Buy
-0.89,-70.7629,0.33,Buy
2.02,7.1833,0,Sell
0.39,-40.3598,4.17,Buy
0.08,22.8081,114.48,Buy
7.77,13.7878,41.29,Buy
4.25,9.1688,177.11,Buy
10.26,12.0529,58.04,Buy
19.22,18.5881,15.69,Buy
3.89,20.2990,72.62,Buy
0.36,20.8873,443.85,Hold
0.24,35.4735,3.34,Buy
4.38,10.0365,43.31,Buy
-0.88,-2.2354,5.43,Buy
-1.04,15.6480,30.64,Buy
0.44,18.5428,6.4,Buy
14.06,3.2098,40.45,Buy
6.79,3.9804,18.37,Buy
7.89,15.6721,70.38,Hold
1.85,8.4421,41.72,StrongBuy
1,42.7851,11.88,Buy
6.99,8.3921,159.16,Buy
-0.46,17.7008,337.06,Buy
-0.42,-6.9703,17.9,Buy
0.44,13.8190,161.22,Buy
2.48,16.0206,0,Buy
2.49,11.4934,122.39,Buy
5.33,17.9669,61.57,Buy
1.59,20.2692,74.47,StrongBuy
17.78,37.0639,27.72,Buy
37.01,8.7376,67.91,Buy
-1.85,63.5378,0,Sell
0.07,-171.0230,133.21,Buy
-0.92,-23.3376,0,Buy
-1.78,-12.8781,19.84,Buy
7.31,40.4762,0.69,Hold
2.13,4.1670,7.96,Buy
6.85,13.2915,12.66,Buy
0.62,-28.9723,6.34,Hold
8.51,16.3023,593.56,Buy
3.17,7.7452,0.48,StrongBuy
2.73,23.1721,39.84,Hold
8.99,3.3615,69.76,Buy
0.9,4.7396,109.48,Buy
21.28,6.8462,346.3,Buy
9.11,10.9675,77.92,Hold
0.93,8.9986,129.09,Buy
2.38,11.5673,70.94,Hold
1.74,1.3971,208.24,Hold
0.87,11.0408,71.39,Buy
9.54,16.6904,0,Hold
9.73,16.2930,97.25,Buy
2.69,8.3167,97.66,Hold
3.77,5.7676,107.63,Buy
1.59,9.0726,5.55,Hold
-1.03,-15.9700,22.32,Buy
5.83,52.0613,22.3,Buy
6.57,21.1087,761.34,Hold
1.58,17.9650,34.23,Buy
8.82,5.7647,20.05,Buy
6.26,12.6106,136.99,Buy
4.18,9.4730,118.27,Buy
0.25,-10.1148,3.33,Buy
2.93,5.4344,379.65,Buy
17.78,24.5331,39.81,Buy
2.61,13.0772,106.09,Buy
1.16,-58.6734,36.7,Buy
16.67,4.8842,116.45,Buy
0.65,-39.0416,45.91,Hold
8.95,5.1958,61.23,Buy
3.43,17.9330,57.68,Buy
0.84,9.3839,276.15,Buy
1.11,8.2935,78.46,Buy
7.86,24.9269,95.27,Buy
0.87,15.1796,106.47,Buy
6.78,15.0956,2664.96,Hold
5.6,13.3649,136.79,Buy
2.6,26.7213,48.01,Buy
-2.76,-7.4482,0,Hold
4.47,10.7902,28.89,Hold
-0.9,16.8071,89.77,Hold
1.51,8.8456,95.89,Buy
0.86,9.9663,249.58,Hold
-0.53,4.8321,61.39,Sell
2.72,8.0066,71.02,Buy
2.46,16.4246,0,Buy
3.5,10.0068,31.48,Hold
0.93,12.3802,90.9,Hold
11.41,7.3603,75.22,Buy
1.99,11.3113,50.75,Hold
0.21,18.4805,131.61,Buy
11.52,18.3210,67.86,Buy
0.88,14.7010,172.13,Buy
5.7,19.7795,53.38,Buy
1.59,7.9364,134.56,Buy
-0.61,-24.1683,345.1,Hold
-2.14,-1.2573,1641.83,Buy
0.24,8.5585,125.45,Buy
3.3,11.5961,20.08,Buy
0.5,26.0491,62.32,Buy
-1.2,-3.7502,0,Buy
1.07,-87.7282,0,Buy
2.66,22.2710,95.61,StrongBuy
8.39,7.6005,180.44,Buy
1.55,17.3176,533.73,Hold
20.1,4.6320,27.78,Buy
2.69,17.6049,79.85,Buy
0.52,130.3012,68.53,Buy
-1.84,-5.7571,1.65,Buy
7.91,16.9877,47.32,StrongBuy
0.17,15.9102,8.38,Buy
0.59,10.2108,94.45,Buy
2.09,8.9467,194.79,Buy
16.15,10.0412,182.17,Buy
6.44,11.9950,96.28,Buy
2.12,11.8813,72.15,Buy
2.79,11.1555,204.1,Buy
2.47,9.2758,6.72,Buy
9.85,22.7654,52.74,Buy
2.56,17.3452,0,Buy
1.6,2.9595,35.39,Hold
1.44,42.1409,1.75,Buy
0.39,162.4480,142.09,Sell
-0.07,26.7066,0,Buy
0.31,-54.0701,4.65,Buy
1.81,-107.5829,177.05,Hold
3.43,8.6404,104,Buy
-1.01,-9.4210,146.27,Buy
5.41,13.9237,86.75,Buy
0.34,8.2589,1.23,Buy
2.81,-141.3852,166.95,Buy
-0.76,-20.7647,0,Buy
0.45,22.2063,225.54,Buy
-0.62,12.5753,20870.72,Hold
2.08,10.8429,40.57,Buy
2.15,8.2474,93.44,Hold
1.35,13.0380,231.99,Buy
2.74,30.5763,70.25,Buy
2.39,7.5645,44.05,Buy
6.74,8.8669,273.96,Buy
-4.04,-7.4679,0,Buy
-0.41,-457.3284,42.3,Buy
3.9,22.7069,75.32,Buy
4.12,21.7393,2812.79,Buy
0.24,-5.3107,0.01,Buy
20.38,9.5021,8836.88,Buy
11.31,22.1517,532.01,Buy
-1.18,-35.2834,12.56,Buy
1.16,9.9212,266.97,Hold
-0.06,-31.0564,14.3,StrongBuy
0.98,1.5781,44.5,StrongBuy
0.14,-25.7130,31.45,Buy
0.75,10.0500,181.08,Hold
7.19,11.0035,82.79,Buy
0.82,8.1554,411.9,Buy
0.75,18.2964,71.87,Buy
-2.61,-335.7323,0.6,Hold
4.24,33.9129,0,Hold
2.56,7.1644,181.54,Hold
0.2,-52.6971,13.46,Buy
0.81,6.6664,62.2,StrongBuy
1.42,13.7250,140.03,Hold
2.33,44.8280,21.45,Buy
-1.89,-53.7670,24.23,Buy
0.22,20.9201,161.01,Buy
4.68,4.4119,99.03,Hold
-1.92,-2.8856,73.83,Buy
3.37,34.6582,36.79,Buy
11.86,4.9835,25.19,Buy
1.6,-66.4024,42,Buy
4.52,5.5894,36.01,StrongBuy
1.29,9.0894,55.84,Buy
2.68,12.7186,218.83,Buy
5.48,8.1487,149.9,Buy
1.05,-55.8649,5.6,Buy
10.46,33.2567,142.57,Buy
0.39,70.7920,9.89,Buy
2.67,20.0751,157.71,Buy
1.75,19.8708,237,Hold
20.2,5.5817,41.54,Buy
0.12,10.9843,101.03,Hold
6.85,13.4689,0,Hold
2.82,7.7102,162.11,Buy
0.94,16.6909,49.02,Buy
0.77,13.5511,11.77,Buy
4.02,14.0141,64.11,Buy
0.73,10.0516,29.23,Buy
0.32,-59.5818,80.52,Hold
-0.4,-35.4613,7.94,Buy
0.11,18.7168,80.32,Buy
9.21,7.4543,54.99,Buy
-1.73,-1.1434,43.05,Buy
1.26,8.7273,316.36,Hold
-0.75,19.3722,802.18,Hold
0.49,25.9943,121.94,Buy
3.11,602.9745,162.73,Buy
0.18,-14.8976,2.7,Buy
8.25,7.4660,138.08,Buy
2.88,8.1989,562.54,Buy
0.5,5.7900,295.73,Buy
0.65,13.0306,10.56,Buy
7.54,9.2196,93.41,Hold
43.33,16.9868,11.25,Buy
0.56,30.6690,13.34,Buy
3.93,12.7428,76.47,Hold
2.4,7.5135,50.2,Buy
3.5,511.0781,0,Buy
0.22,-47.2271,3.82,Buy
0.34,47.7686,41.1,Buy
3.02,7.7101,54.21,Buy
-1.1,-201.0410,265.73,Hold
1.09,10.3953,135.1,Buy
0.67,-60.5052,236029.94,Buy
-2.92,-16.1496,83.78,Buy
9.87,16.4297,283.02,Buy
0.13,22.0910,6026.4,Buy
3.69,9.5398,131.75,Buy
4.38,5.5594,57.2,Buy
5.1,12.6310,15.74,Buy
2.33,34.7407,23.14,Buy
-0.58,-6.9831,0.01,Buy
8.6,17.5666,25.61,Buy
1.12,9.5788,52,Hold
2.59,20.0022,46.76,Hold
1.02,5.6209,4.33,Buy
4.3,14.8431,233.86,Buy
0.9,63.9755,0,Buy
1.19,13.0579,5.82,Buy
4.64,7.2523,171.11,Buy
1.55,8.5504,258.06,Hold
1.18,76.1643,26.4,Buy
8.03,23.7341,10.39,Buy
4.16,2.4071,19.52,Buy
0.04,7.6237,92.24,Hold
3.99,14.1634,54.81,Buy
7.72,14.8912,120.17,Buy
-1.85,-2.9674,72.49,Buy
6.14,11.3751,88.75,Buy
2.84,10.3490,107.5,Hold
3.85,8.4175,257.39,Hold
-0.17,10.9068,426.82,Hold
-6.57,-0.4841,0.89,Hold
6.68,12.9244,189.5,Buy
-2.7,-8.7379,137.36,Buy
38.47,13.6587,86.21,Hold
10.03,21.9851,71.51,Buy
0.32,26.8363,106.21,Buy
0.98,28.7812,46.54,Buy
4.99,8.4483,263.66,Buy
0.31,5.0141,190.63,Buy
4.69,10.2225,11.48,Hold
7.1,13.8065,114.61,Buy
3.21,6.6908,85.31,Hold
0.37,36.3314,36.62,Buy
6,16.5483,32.64,Buy
-0.21,8.8517,466.84,Buy
-2.02,-4.6904,5.56,StrongBuy
6.67,10.0215,38.87,Buy
-4.89,-2.8614,2.19,Buy
-0.71,-10.0919,2.38,Hold
-0.24,-21.3512,26.66,Buy
12.46,18.5128,11.88,Buy
2.47,33.6391,0,Buy
1.38,16.8980,118.05,Hold
1.45,-52.7307,143.65,Buy
-0.19,-6.3420,114.48,Buy
2.9,7.4729,58.53,Hold
0.41,24.4259,121.37,StrongBuy
0.07,-14.2985,1.17,Buy
25.13,15.0808,124.8,Buy
10.9,13.9096,264.25,Buy
0.54,10.0895,0.01,Buy
1.47,8.7555,118.1,StrongBuy
3.59,13.7290,67.1,Sell
0.51,16.4516,111.58,Hold
0.08,-66.5727,5.79,Buy
12.86,12.0300,688.88,Buy
5.62,3.8109,125.87,Buy
2.14,10.6137,0,Buy
13.21,6.0954,63.96,Buy
5.13,7.7355,223.12,Buy
2.75,8.3195,86.46,Hold
0.41,-28.9267,2.45,Buy
-0.35,-8.9918,15.45,Buy
3.67,13.7870,9.59,Buy
-0.19,-20.0150,73.7,Buy
-0.39,-14.3449,0,Buy
3.03,12.9398,72.29,Hold
7.53,12.4176,37.06,Buy
6.7,12.8286,60.27,Buy
3.98,14.0206,85.05,Buy
0.26,32.3878,155.72,Hold
0.37,26.9258,23.45,Buy
1.09,7.6669,20.35,Buy
0.97,0.5131,32.26,Hold
3.88,108.2357,49.61,Buy
3.79,8.4834,65.8,Hold
0.43,17.1390,76.17,Hold
2.57,4.9857,705.77,Buy
0.49,10.3166,89.74,Hold
14.54,28.1111,279.98,Buy
-1.9,-1.3987,147.2,Hold
0.44,14.2017,63.48,Buy
2.51,8.9134,47.47,Buy
-1,23.6325,429.39,Buy
5.38,20.7760,84.3,Buy
-4.43,-2.1149,22.57,Buy
3.8,6.1344,77,Hold
2.67,6.2250,97.2,Buy
1.33,9.3530,186.5,Buy
3.52,12.7749,83.71,Buy
3.26,5.8917,83.17,Buy
-0.92,-10.9730,1.62,Buy
-0.95,-8.2968,2299.17,Hold
1.62,-354.4206,53.66,Buy
-0.63,-15.3793,59.25,Buy
0.28,17.9583,70.72,Buy
-0.07,-8.1187,73.72,Hold
13.99,9.5841,47.47,Buy
4.64,-9.3728,386.3,Sell
-1.04,-17.3094,5.02,Buy
1.48,16.1962,134.96,Buy
3.33,11.2592,289.9,Buy
8.79,10.4965,28.82,Buy
15.72,21.9527,0,Buy
0.54,-339.3984,1.88,Buy
6.83,20.4943,3.48,Hold
0.51,993.6359,1.67,Buy
2.82,3.1979,44.91,StrongBuy
3.61,10.6783,172.29,Hold
1.18,18.1920,90.92,StrongBuy
-0.39,-7.0948,31.84,Buy
1.81,7.0643,26.59,StrongBuy
2.66,16.1527,84.58,Buy
0.18,8.0622,52.55,StrongBuy
2.17,6.8135,157.93,Hold
1.54,8.4571,20.56,Hold
6.18,17.9598,11.02,Buy
5.37,6.6235,15.72,Buy
1.83,6.1500,4.12,Buy
5.84,13.6572,424.48,Buy
-10.61,-14.1379,1.11,Buy
6.84,2.9908,48.05,Buy
1.66,2.9394,103,Hold
-1.38,-18.2182,8.51,Hold
1.04,9.8723,204.08,Hold
1.7,10.0860,74.4,Buy
1.54,11.3668,183.87,Buy
11.46,6.5541,42.23,Hold
7.52,23.4707,53.73,Hold
3.01,9.1620,105.12,Buy
0.4,13.8674,65.04,StrongBuy
-0.6,-25.2076,36.03,Buy
0.27,38.0814,24.43,Buy
0.34,13.1119,56.62,Buy
5.7,13.1032,53.48,Buy
-0.83,-22.3149,1.83,Buy
-0.29,-18.7956,12.33,Buy
1.18,16.5697,71.03,Buy
4.42,27.1085,17.37,Hold
0,0.6349,21.22,StrongBuy
1.6,55.1059,0,Hold
3.71,-83.4761,0,Buy
4.21,8.0925,911.42,Buy
-0.61,-8.9947,7.03,Buy
0.76,9.5659,48.32,Hold
4.87,15.9499,53.2,StrongBuy
52.58,31.7556,140.52,Buy
0.8,19.1885,38.17,Hold
2.6,-237.2702,0.1,Buy
0.58,30.0074,48.13,Buy
3.51,8.4194,55.12,StrongBuy
3.47,15.9213,26.03,Buy
2.29,6.2374,69.49,Buy
7.89,17.8770,38.26,Buy
7.01,28.5615,7.48,Buy
11.96,-13.8104,51.72,Buy
0.95,26.8043,39.88,Buy
1.72,9.9698,140,Hold
6.82,6.8969,89.94,Buy
2.12,17.3207,108.61,Buy
0.36,-190.6937,7.5,Buy
1.29,16.2920,80.38,Hold
-2.21,-2.8192,8.42,StrongBuy
0.22,-30.7379,473.87,Buy
-9.24,-12.4732,17.84,Buy
6.12,21.8972,107.21,Buy
6.41,16.9632,76.54,Hold
13.06,7.4132,192.42,Buy
1.57,19.9055,0,Hold
7.8,10.6858,436.5,Hold
9.24,9.4537,30.29,Hold
3.77,11.3055,245.64,Buy
0.79,-154.9123,133.5,Buy
5.86,24.7201,191.33,Buy
3.31,7.5343,282.82,Buy
54.92,7.9375,213.85,Hold
0.75,30.4365,28.79,Buy
1.27,59.3646,5.9,Buy
32.07,7.4440,72.24,Buy
0.8,9.5567,85.83,Hold
0.41,26.4914,43.8,StrongBuy
0.47,11.1796,326.14,Buy
2.98,28.1465,358.74,Buy
7.59,7.8900,82.82,Buy
4.08,18.6466,190.19,Buy
-0.78,-43.4559,7.77,Buy
4.64,18.2682,45.89,Hold
-2.68,-7.3251,0,Hold
5.74,7.1212,76.57,Buy
1.3,14.0148,196.91,Hold
9.93,57.3847,45.48,Buy
2.75,9.1836,1.48,Buy
1.99,23.7352,226.64,Buy
0.02,248.8120,5.15,Buy
40.57,16.5224,24.36,Buy
4.64,12.4348,3.33,Buy
-3.18,-4.6669,4,Buy
1.16,7.9816,6.98,Buy
0.65,9.7893,74.4,Buy
4.64,7.0022,197.87,Buy
5.95,21.0668,19.39,Buy
6.32,2.0000,20.4,Buy
9.16,3.6392,74.74,Buy
5.83,11.1139,55.64,Buy
0.72,6.9497,260.43,Hold
4.14,10.4614,40.11,Buy
-0.85,-3.7428,1.19,Hold
2.76,29.9531,26.62,Buy
1.59,43.8238,14.54,Sell
1.22,5.4888,0,Buy
2.68,8.9522,61.24,Hold
1.35,2.9161,0.08,Buy
0.89,-25.3417,3.75,Buy
0.81,13.3240,83.64,StrongBuy
6.14,2.7560,61.52,Buy
5.23,10.6824,114.56,Hold
13.39,18.0133,353.87,Hold
2.74,29.3583,19.03,Buy
-0.04,51.0278,33.91,Buy
8.03,11.2434,122.45,Buy
8.63,6.7358,13.63,Buy
3.47,15.8911,308.36,Buy
-0.32,-9.8162,0.79,Buy
0.96,11.5339,329.12,Buy
1.76,6.6564,1145.67,StrongBuy
4.46,8.7899,156.02,Hold
0.74,7.9956,11.89,Buy
1.21,5.4632,161.47,StrongBuy
12.49,5.0329,32.62,Hold
-0.83,-3.8524,0,Buy
4.91,0.4764,0,Buy
7.07,13.8826,1281.87,Hold
7.22,6.2370,43.78,Hold
1.58,8.1129,69.92,Buy
0.15,11.2034,0,Buy
4.38,45.9919,11.14,Hold
0.08,15.1403,89.77,Buy
1.38,9.7155,82.62,StrongBuy
6.71,12.8381,71.65,Buy
3.74,30.5200,51.88,Hold
3.04,10.8953,213.98,Hold
1.95,30.9677,0,Hold
6.25,1.7328,151.47,Hold
11.91,4.4115,236.01,Buy
-0.27,44.4193,163.37,Buy
1.09,-35.2773,124.01,Buy
-1.03,-5.3579,0,Hold
-1.33,-1.7052,4.96,Hold
0.85,21.5349,241.49,Buy
13.51,40.6634,0.36,Buy
2.75,8.3666,54.26,Buy
3.96,20.9949,50.82,StrongBuy
1.28,17.8822,1830.96,Buy
5.58,24.6052,160.81,Buy
11.32,2.7155,60.69,Buy
4.2,24.4340,42.19,Buy
2.51,11.1497,2.38,StrongBuy
3.01,13.6229,77.14,Hold
1.61,67.8532,160.52,StrongBuy
3.24,9.8046,61.07,Hold
0.36,11.7929,101.08,Buy
2.41,-3006.2850,29.87,Buy
14.42,34.2055,74.43,Buy
0.23,12.8853,35.57,Buy
2.09,5.8920,346.62,Hold
1.53,46.0387,193.53,Buy
-0.1,-11.2937,5.73,Buy
0.16,20.3756,40.83,Buy
8.85,10.9933,55.77,Buy
0,14.9355,93.66,Hold
0.83,6.7305,61.5,Buy
1.96,3.1242,46.05,Hold
0.95,11.4517,8.53,Buy
14.87,12.4275,131.77,Buy
1.39,9.1086,21.67,Buy
0.29,-18.2554,9.72,Buy
1.43,17.9822,21.21,Hold
-0.35,14.5271,129.48,Hold
-3.6,-7.3911,1.01,Buy
0.61,8.2756,75.36,StrongBuy
3.69,5.8179,176.59,Buy
5,14.8668,58.7,Buy
4.92,11.8454,156.47,Buy
5.89,22.5688,6126.61,Buy
6.9,58.0225,8.34,Buy
0.16,15.4698,31.03,Buy
5.6,12.4014,185.13,Buy
1,11.2019,310.18,Hold
3.98,7.9315,515.54,StrongBuy
10.22,6.4021,124.47,Buy
2.51,6.4514,46.61,Buy
1,58.9915,261.24,Buy
5.15,11.0504,126.67,Buy
-0.57,84.8606,184.32,Sell
2.79,10.5472,150,Hold
-0.01,-12.9920,27.72,Hold
6.69,6.1466,8.9,Buy
3.2,10.5474,107.32,Buy
7.88,5.1968,37.94,Buy
-0.04,12.6558,114.02,Buy
2.75,12.6822,159.25,Buy
2.8,186.5660,21.68,Buy
4.55,5.1564,65.35,Hold
0.83,10.7718,49.86,Buy
42.24,18.8091,0,Buy
-0.77,18.1126,83.16,Hold
8.55,12.6186,34.12,StrongBuy
1.63,31.6511,3.26,Buy
3.11,7.6605,131.65,Buy
2.12,10.6454,108.63,Hold
0.56,15.1421,108.02,Buy
-3.97,-6.5555,0,Buy
0.19,12.0359,235.18,Buy
10,9.4474,101.88,Hold
-0.41,-24.4065,10.47,StrongBuy
1.27,3.5079,2.91,Hold
3.51,17.6641,93.05,Buy
8.49,42.6297,220.98,Buy
-3.36,-1.1507,3.59,Buy
5.97,12.2873,154.34,Buy
1.1,9.6363,52.93,Hold
2.47,8.3903,108.41,Buy
15.1,10.9963,67.93,Buy
5.8,6.5987,7.41,Buy
6.8,29.4781,54.75,Buy
0.01,-176.7846,0.26,Buy
-1.12,-60.3918,2.48,Buy
3.37,5.7489,229.44,Buy
0.8,2.6376,0.17,Buy
1.38,24.1234,51.36,Hold
5.73,37.6669,28.41,StrongBuy
-3.33,-4.4737,17.24,Buy
4.37,6.5986,104.66,StrongBuy
10.16,6.8633,50.04,Hold
6.56,11.5173,21.82,Buy
1.43,4.1088,49.09,Buy
3.31,1.0847,75.04,Buy
14.7,10.6891,388.02,Buy
1.99,16.3824,123.45,Buy
0.4,-163.4782,2.19,Buy
7.77,3.2696,118.14,Buy
-0.97,-36.3541,129.3,Buy
3.06,17.5628,0,Buy
1.07,7.3285,146.66,Buy
1.39,26.0368,2.31,Buy
3.62,7.3871,36.92,Buy
4.68,16.7845,69.67,Hold
10.87,62.1224,62.73,StrongBuy
-0.55,4.2583,69.79,Buy
6.9,19.3716,0,Buy
-0.21,-8.9013,1.04,Buy
10.88,4.0171,24.55,Hold
0.44,-218.5711,227.33,Hold
9.55,18.1570,37.26,Buy
2.75,58.8727,16.89,Buy
3.59,9.2942,116.82,Hold
0.4,18.5171,46.11,Buy
4.4,51.0583,9.57,Buy
12.43,7.1702,161.02,Buy
6.62,6.8229,63.34,Buy
18.65,41.6057,38.73,Buy
9.22,13.0401,71.08,Buy
4.61,6.0571,18.06,Buy
1.66,21.4283,46.95,Hold
11.98,6.9816,96.35,Buy
0.69,4.7589,71.67,Buy
0.25,45.8682,17.74,Buy
4.21,7.5902,120.91,Buy
10.82,7.1717,174.7,Hold
5.87,21.6288,79.29,Hold
2.8,9.4070,89.64,Hold
6.71,8.8171,0,Buy
-0.1,15.0021,82.35,Buy
2.13,11.8434,2379.72,StrongBuy
0.27,9.4028,777.65,Buy
-2.95,-3.1791,3.81,StrongBuy
1.47,19.3128,138.67,Hold
19.24,7.2121,17.91,Buy
3.96,1.4287,69.77,StrongBuy
20.6,11.9233,34.81,Buy
5.46,14.0708,172.15,Hold
12.83,17.4234,106.67,Buy
-0.93,-3.6129,2098.12,Buy
-2.13,-1.0219,32.3,Buy
5.76,10.1788,46.3,Buy
-0.83,-6.9964,2.41,StrongBuy
2.24,23.3271,13.04,Buy
31.25,21.6073,0,Buy
2.6,18.5082,42.76,Buy
0.75,11.8999,145.63,Hold
11.8,12.0342,203.64,Buy
9.37,15.3288,87.28,Buy
-1.4,-57.7276,4.25,Hold
2.62,10.1552,20.44,Buy
1.24,0.2237,3.4,Buy
29.01,36.7772,245.51,Buy
1.63,13.0204,125.65,StrongBuy
3.62,16.8953,120.93,Buy
2.12,44.1363,3.31,Buy
1.4,6.3272,196.2,Buy
0.1,7.6067,87.3,Buy
2.4,12.7058,411.25,Buy
1.4,7.6052,75.19,Buy
0.52,3.7264,469.4,StrongBuy
2.8,10.9033,15.79,Buy
8.06,9.8769,562.72,Buy
1.25,9.9740,77.36,Hold
8.24,3.6696,43.92,Buy
-0.55,24.9477,105,Hold
11.64,5.3985,44.33,Buy
3.17,7.7296,237.1,Buy
1.98,8.9148,36.48,Buy
0.27,35.1653,45.49,Buy
2.35,10.9427,39.75,Buy
2.33,72.7845,52.82,Buy
0.61,-45.7715,18.87,Buy
2.19,14.1610,0.17,Buy
2.33,-57.2014,47.15,Buy
2.65,2.9474,22.96,Buy
-1.04,-9.8656,0.43,Buy
1.25,3.2765,65.07,Buy
5.66,39.8830,51.32,Hold
10.98,6.6640,53.69,Hold
-0.04,16.9601,161.06,Hold
0.48,-1707.6941,31.38,Buy
6.14,17.3026,76.8,Buy
1.17,2.8343,35.54,Buy
1.77,16.3300,42.85,Hold
0.5,19.4559,111.06,Buy
6.37,14.7462,46.13,Buy
3.75,5.1151,16,Hold
10.3,10.5860,64.19,Hold
5.2,18.1091,135.48,Buy
-2.55,-13.5994,0.51,StrongBuy
4.76,11.2650,4.98,StrongBuy
1.03,16.4933,107.63,Buy
0.6,37.7998,242.97,Hold
8.97,16.0122,0.91,Buy
0.45,13.7397,68.85,Buy
-0.8,14.8023,130.79,Hold
5.44,15.2345,67.36,Buy
3.38,11.0009,64.67,Buy
6.26,3.5206,7.81,Buy
0.7,35.5237,15.42,Buy
0.96,38.5811,98.7,Buy
14.33,14.1219,39.63,Hold
9.35,4.1858,35.4,Hold
1.22,14.0867,161.91,Hold
0.75,19.0332,110.19,Buy
22.13,13.0103,64.26,Buy
13.93,32.3806,22.47,Hold
0,50.6992,30.17,Hold
2.87,12.4525,357.97,Hold
7.42,31.2144,41.21,Hold
-0.13,-12.0274,1.65,Buy
1.7,16.1408,228.88,Buy
9.39,7.9180,157.85,Buy
4.32,13.8441,151.11,Hold
6.16,9.8221,60.46,Hold
1.83,17.8237,129.56,Buy
2.98,17.1002,109.76,Hold
0.35,-21.9876,134.33,StrongBuy
1.92,6.6937,134.71,Buy
11.65,19.1907,0,Buy
2.13,24.8683,30.42,Buy
0.82,11.9022,126.31,Buy
5.49,11.6538,43.87,Hold
3.27,6.0460,57.73,Hold
3.12,13.2672,88.75,Buy
0.13,-30.9266,405.24,Buy
3.81,10.0582,1.25,Buy
9.82,13.6384,22,Buy
-0.01,61.6158,156.48,Hold
4.26,12.6149,88.75,Sell
9.22,33.5758,2.06,Buy
2.74,36.9982,103.67,Hold
1.77,5.9915,3.7,Buy
6.62,44.9564,1007.06,Buy
17.24,10.5874,66.91,Buy
0.9,17.6485,21.37,Buy
16.65,10.4349,85.13,Hold
0.21,10.1177,100.52,Hold
0.5,53.3826,35.5,Buy
0.15,-11.9004,2.53,Buy
6.04,22.2634,0,Buy
-1.01,-4.3031,58.51,Buy
6.23,11.2597,204.58,Hold
-0.07,2.5932,1070.59,Buy
4.59,19.0945,4.85,Buy
-1.08,-5.8721,18.68,Buy
16.22,16.8736,4.96,Buy
2.34,106.4104,46.5,Hold
0.27,-4.1971,11.05,Buy
5.61,27.7353,306.7,Buy
2,3.1631,3.79,StrongBuy
-0.06,-66.4850,30.21,Buy
11.24,15.0612,232.09,Buy
9.67,37.4745,17.95,Buy
0.05,-128.7609,4.58,Buy
2.05,18.6341,64.33,Buy
8.24,6.1149,95.26,Buy
21.65,9.0681,146.93,Buy
0.18,18.6804,140.24,Buy
15.87,11.7264,62.68,Hold
4.44,11.1520,126.14,Buy
11.85,13.9456,81.55,Buy
1.64,4.1915,121.31,Buy
0.62,5.5177,0.13,Sell
2.65,7.8061,69,Hold
1.09,6.9958,95.38,Buy
0.51,25.3917,157.14,Buy
2.57,2.8707,24.26,StrongBuy
6.75,6.9296,28.71,Hold
12.58,16.8342,243.63,Hold
-0.15,-39.4893,63.75,Buy
-3.62,-0.1408,25.44,Buy
0.29,15.1050,0,Buy
8.15,0.9732,63.84,Hold
-2.38,-11.1432,2.35,Buy
10.17,2.2669,22.16,Buy
3.47,16.8100,89.73,Buy
4.39,17.6160,0,Buy
0.49,0.2907,10.64,Hold
5.36,11.5506,61.88,Buy
4.31,11.7803,144.86,Buy
-2.85,-7.1575,32.08,Buy
-0.01,-20.0622,34.19,Hold
5.41,12.0441,123.42,Buy
6.1,9.1048,7.86,Buy
0.81,33.6265,11.34,Hold
1.08,14.1117,82.91,Buy
10.37,18.4966,265.74,Hold
-0.27,-16.1079,827.72,Hold
6.61,276.9703,52.1,Buy
6.66,17.8466,11.02,Buy
5.04,5.4488,86.11,StrongBuy
1.25,10.2195,1424.45,Buy
2.39,9.2135,120.87,Buy
1.02,26.2538,47.73,Buy
2.85,13.1788,135.49,Buy
0.4,14.7374,150.83,Buy
-0.95,-15.7913,127.66,Buy
3.25,15.7962,252.32,Hold
-1.29,-0.7242,0.32,Buy
5.17,2.6416,24.17,Buy
3.86,11.5744,139.9,Hold
3.15,6.4569,46.97,Buy
-0.72,72.6016,48.62,Buy
-0.04,47.7808,14.73,Buy
0.37,34.9150,55.68,Buy
1.21,18.9583,1435.79,Buy
0.37,-16.6338,25.64,Buy
-6.61,-3.7013,19.94,Buy
5.59,13.9391,0.76,Hold
1.57,11.1723,39.46,Buy
8.54,7.2114,140.08,Buy
2.51,87.7341,22.86,Buy
6.94,0.6779,33.44,Hold
-1.08,-3.9591,39.71,Hold
0.02,8.0598,73.28,Buy
-0.5,-46.4615,9.56,Buy
0.36,15.0376,202.22,Buy
-0.15,24.0847,14.55,Buy
11.01,18.4951,5.54,Buy
2.76,3.9094,166.74,Hold
-2.72,-11.9596,74.52,Buy
0.24,38.2315,4.42,Buy
3.32,10.7776,75.83,Buy
0.3,27.2922,31.69,Hold
1.07,24.5563,73.94,Buy
0.27,19.6533,67.91,Buy
-0.87,10.6513,204.09,Buy
1.89,3.2168,260.97,StrongBuy
11.85,13.4711,76.75,Buy
-0.75,-7.2547,4.38,Buy
8.41,22.7581,78.83,Buy
1.68,14.8527,747.86,Buy
0.38,15.5288,301.75,Hold
5.8,13.0422,321.4,Buy
5.14,6.3256,27.19,Buy
-0.3,14.9256,78.15,Buy
1.9,9.0488,68.09,Buy
6.97,7.6288,53.7,Buy
3.8,10.8546,142.87,Buy
2.91,18.8697,79.8,Buy
2.58,22.2194,661.24,Buy
10.77,13.5919,64.89,Hold
1.81,29.2822,37.58,Hold
4.65,16.1647,57.62,Buy
23.6,6.0518,25.95,Buy
7.67,15.1708,47.58,Buy
0.49,101.8892,7.8,Buy
3.37,9.1889,121.42,StrongBuy
6.71,6.3315,98.36,Buy
25.79,8.5509,0,Buy
1.13,15.4785,1076.62,Buy
1.36,30.3316,29.61,Buy
2.19,6.1993,89.97,Hold
8.86,3.4855,85.04,Buy
20.43,2.4353,108.78,Buy
-0.3,13.9828,91.62,Hold
7.33,11.8762,12.7,StrongBuy
1.13,8.6739,14.24,Buy
-2.07,-35.6697,338.93,StrongBuy
2.42,12.7249,125.02,StrongBuy
1.91,15.9569,110.91,Hold
14.41,3.6494,61.24,Buy
0.07,-73.4376,1.75,Buy
0.49,9.3008,80.46,StrongBuy
-2.95,-5.3525,14.15,Buy
-0.33,17.4045,88.38,Hold
5.53,9.5520,54.44,Buy
11.64,-57.1446,34.98,Buy
0.44,91.1958,0,Hold
2.64,20.3766,156.78,Buy
0.81,4.8010,113.7,Buy
3.12,9.4111,10.31,Buy
7.02,17.9108,94.58,StrongBuy
3.15,24.2238,103.37,Buy
4.25,18.9293,1.75,Buy
3.67,2.2619,1.03,Buy
2.01,6.9024,49.55,Buy
1.88,10.3820,8.91,Hold
3.91,15.0813,0.49,Hold
0.26,15.6468,19.85,Buy
-2.78,-4.6980,0.53,StrongBuy
7.98,15.3679,6.93,Hold
6.67,5.0882,18.54,StrongBuy
1.6,13.9855,217.35,Buy
0.54,6.4531,359.71,Buy
1.17,12.4459,253.2,Buy
0.33,9.9481,86.3,Buy
3.55,17.5560,3.28,Buy
0.12,4.2192,126.22,Hold
5.37,16.7133,76.39,StrongBuy
4.62,18.5393,45.42,Buy
2.29,-5.6968,493.61,Hold
2.23,35.2120,8.06,Hold
4.06,3.1127,9.89,StrongBuy
5.99,13.7570,41.48,Buy
-0.87,-119.1988,16.18,Buy
0.11,13.2564,88.67,Buy
-3.24,-3.2669,4.81,Buy
0.76,11.3117,0,Hold
11.14,35.7596,105.64,Buy
3.73,26.9278,31.01,StrongBuy
0.65,9.0862,74.4,Buy
0.78,17.7426,50.84,Buy
1.95,11.3263,3.47,Hold
-0.78,-6.3060,52.06,Buy
1.35,10.3265,115.1,Buy
0.87,11.7241,3.2,Buy
2.54,3.9957,34.9,Buy
2.56,26.4723,176.62,Buy
-2.47,-3.8562,6.3,Buy
4.25,45.5241,1.22,Hold
-0.75,-10.6111,66.77,Buy
-0.17,4.3452,104.59,Buy
4.69,11.9412,147.86,Buy
2.94,24.8822,86.71,Buy
3.83,5.3360,76.54,Buy
39.15,7.6926,700.53,Hold
1.07,7.6644,64.71,Buy
4.84,14.9384,103.18,Buy
0.51,7.9433,69.83,Buy
4.86,9.6218,223.88,Buy
9.41,3.4869,48.44,Buy
0.54,31.0493,26.12,Buy
-4.01,-3.8495,348.69,Buy
6.57,26.2831,26.28,Buy
-4.09,-12.5253,0.59,Buy
1.8,24.7274,129.93,Buy
6.95,5.2703,1.65,Buy
4.47,13.3800,154.21,Hold
3.67,8.6841,7583.76,Hold
3.72,19.4524,31.53,Buy
0.35,12.3810,35.77,Hold
1.25,8.4086,232.93,StrongBuy
1.25,109.5127,19.73,Buy
4.2,11.5721,53.18,Buy
1.24,11.8076,2.98,Hold
5.01,16.4295,164.65,Buy
2.46,8.0236,272.65,Hold
9.82,5.1525,529.83,Buy
1.14,-90.7838,6.05,Buy
2.47,89.5007,0,StrongBuy
4.39,8.5103,185.61,Buy
3.15,18.6792,7.26,Hold
2.75,8.6325,35.26,Buy
0,-9.2024,0,Hold
3.41,14.8475,132.73,Buy
15,5.4248,73.59,Hold
3.2,20.6257,33.82,Buy
6.57,7.8213,97.63,Buy
0.55,-136.7543,464.52,Buy
1.06,10.4122,197.84,Buy
-2.77,-17.9103,90.53,Buy
3.29,13.4209,261.59,Hold
3.06,7.0465,108.45,Hold
11.8,24.0312,38.52,Buy
1.44,32.9691,29.27,Buy
7.61,15.2533,18.85,Hold
0.26,40.2486,25.5,Buy
0.24,10.5182,38.02,Hold
-0.27,-12.5505,85.26,Hold
4.8,7.5582,10.51,StrongBuy
1.27,20.3430,68.9,Buy
0.68,17.0446,187.6,Buy
-5.37,-9.8933,141.33,Buy
-2.19,-12.2280,215.1,Hold
9.25,13.9204,190.94,Buy
-0.1,-50.3194,59.6,Buy
2.97,21.9407,76.2,Buy
15.24,2.3134,47.73,Hold
8.03,13.0589,47.8,Hold
10.69,21.6272,4.57,Hold
5.42,2.2308,64.26,Buy
20.2,8.0663,164.51,Buy
0.77,184.7597,90.44,Hold
0.76,8.8219,70.33,StrongBuy
2.28,10.8416,127.31,Hold
0.86,6.3419,105.77,Buy
0.79,15.6258,99.39,Hold
-0.16,-176.2362,354.66,Buy
2.96,11.8297,319.92,Buy
5.75,2.6164,58.67,StrongBuy
4.68,10.7468,114.5,Buy
3.01,9.5101,199.43,Hold
11.83,12.5981,168.16,Sell
0.4,-82.1922,152.3,Hold
3.59,11.5917,158.84,Hold
4.75,7.6247,61.49,Buy
1.19,21.3049,117.83,Hold
3.97,27.7519,58.06,Buy
6.21,11.2453,52.03,Buy
8.6,8.1887,112.51,Buy
0.51,11.0988,0,Hold
1.31,12.5571,93.45,Hold
6.61,-17.9199,369.63,Hold
455.02,9.3415,24.84,Hold
1.75,11.8577,332.18,Hold
-0.79,-34.8784,1.19,Buy
97.64,5.4454,25.94,Buy
-7.03,-0.7848,12.56,Buy
2.08,-40.5435,153.02,Buy
1.62,77.3777,55.77,Buy
3.05,5.3066,0,Hold
3.01,10.7192,103.88,Buy
1.03,18.7251,80.06,Buy
-2.48,-2.7789,19.73,Buy
0.91,19.7019,46.09,Buy
4.81,7.5351,11.32,Buy
2.88,16.8028,99.91,Buy
3.49,8.0926,249.38,StrongBuy
2.13,29.2953,37.76,Buy
1.1,91.3303,209.3,Buy
2.12,11.9699,40.32,StrongBuy
-1.26,81.3897,271.51,Hold
-1.53,0.8778,6.07,Buy
1.35,9.1538,60.99,Buy
-2.01,-2.0369,2277.28,Hold
8.73,54.5527,33.41,Buy
0.42,1.5466,140.98,Buy
0.54,7.9070,43.32,Buy
0.7,15.0194,26.4,Buy
-3.37,19.0321,1.85,Buy
0.86,9.6935,18.59,Buy
0,-11.3541,1.58,Buy
5.28,12.7167,296.42,Hold
6.66,12.2938,59.45,Buy
2.93,9.1725,108.88,Buy
2.53,5.0893,126.48,Buy
8.08,32.5335,98.13,Buy
1.5,10.6807,173.91,Buy
0.85,12.5786,136.46,Buy
4.29,15.5824,66.94,Buy
0.76,8.5502,105.92,Buy
0.5,49.2480,9.56,Buy
6.44,12.3162,254,Hold
1.06,7.2452,262.6,Buy
0.43,2.1719,19.23,Hold
4.61,11.9240,81.3,Buy
3.78,13.7600,50.95,Buy
0.77,9.6382,75.5,Hold
1.3,6.7548,0,Hold
-3.73,47.2699,0,Buy
2.18,-17.2406,97.91,Buy
0.73,-24.2586,111.32,Buy
1.9,11.9544,438.94,Buy
1.41,0.4153,0,Buy
0.74,130.2681,0.56,StrongBuy
10.69,10.2365,125.37,Buy
5.47,11.6616,381.33,Buy
14.64,16.4892,50.94,Buy
-3.34,-0.0739,7.13,Buy
3.93,25.0673,0,Hold
0.94,9.2215,47.18,Buy
1.99,5.8331,2.98,Buy
3.08,14.7819,12.02,Buy
7.58,18.2001,244.72,Buy
2.83,15.1427,158.47,Buy
-1.33,-12.2528,54.51,Buy
1.01,4.6129,217.54,Buy
1.95,14.5886,72.96,Buy
1.11,-13.5657,2478.85,Buy
2.7,10.8703,401.06,StrongBuy
1.05,29.9200,42.42,Buy
1.66,20.9567,734.27,Buy
6.61,13.4247,78.15,Buy
0.38,17.3137,95.05,Buy
1.35,5.9739,17.46,Buy
1.97,6.4414,28.41,Buy
2.14,14.2316,61.35,Buy
0.02,-6.8095,3.11,Buy
-0.57,-9.9268,9.28,Buy
9.75,6.6893,36.17,Buy
11.5,8.0967,84.42,Hold
20.32,12.0327,85.23,Buy
4.62,7.5059,216.91,StrongBuy
3.89,15.9870,17.26,Buy
4.68,8.6112,25.69,Buy
3.23,15.9960,72,Buy
0.41,210.3786,3.23,Buy
0.59,8.6221,124.69,Hold
2.68,11.8092,26.38,Buy
11.88,7.0221,49.65,Buy
0.46,4.2444,1.04,Hold
8.43,28.0948,0,Buy
2.16,4.7376,36.1,Buy
0.24,14.1226,79.53,Buy
-0.39,5242.4295,188.37,Buy
10.4,34.4102,3.67,Buy
-0.19,9.9227,87.28,Hold
-4.4,-18.5795,190.17,Hold
11.73,6.5266,51.47,Buy
4.08,12.1960,252.88,Buy
0.96,36.2197,7.7,Buy
1.68,12.3691,166.71,Buy
2.97,15.4395,93.67,Buy
4.31,72.4708,82.3,Buy
20.44,10.9125,56.94,Buy
0.86,5.8139,41.61,Hold
2.46,7.7636,15.11,Buy
0.32,12.0802,672.56,Buy
0.4,40.7814,173.07,Hold
1.39,23.1240,86.05,Buy
20.16,17.3490,73.19,Buy
14.95,16.8376,100.71,Buy
-0.54,63.6095,449.03,Buy
0.09,15.1236,94.6,Buy
24.91,2.8130,10.56,Buy
0.67,13.5892,59.58,Buy
-0.24,20.8697,166.85,Buy
2.51,10.8847,63.84,StrongBuy
-2.09,-0.0239,24.29,Hold
-0.89,-21.2432,1.12,Buy
1.37,18.1380,64.52,Buy
0.45,-42.6349,2.86,Buy
2.29,34.3281,319.82,Hold
-1.84,-1.1595,1.81,Buy
-2.65,11.5358,0,Hold
-0.93,-0.2916,46.86,Buy
4.22,7.1060,0.96,Buy
5.8,12.0543,89.73,Buy
-0.63,-119.7781,4.42,Buy
1.11,35.0566,4.73,Hold
0.95,10.0813,137.91,Buy
-1.71,-5.6159,10.6,Buy
0.57,7.8021,65,Hold
1.35,10.8097,9.71,Buy
0.36,5.5505,41.25,Buy
8.76,28.3003,23.93,Buy
0.11,-6.9718,5.4,Buy
0.53,19.4168,278.68,Buy
3.5,4.9716,20.12,Buy
0.1,-13.7346,166.1,Hold
13.65,10.1607,123.92,Buy
-0.64,9.4477,80.89,Buy
2.9,8.1305,31.54,StrongBuy
1.58,5.6481,36.58,Buy
0.21,-9.8373,391.59,StrongBuy
6.43,3.6567,33.92,Hold
13.54,19.1341,64.7,Buy
1.08,13.3049,184.43,Buy
-1.05,-2.1521,280.27,Buy
-1.48,-1.1925,10.31,StrongBuy
1.9,-253.5025,298.33,Buy
13.85,11.6248,44.87,Hold
3.05,11.9397,0.54,Buy
-0.5,-5.9522,18.45,Buy
15.12,14.3670,3707.34,Buy
1.74,10.6737,88.27,Hold
-0.3,17.7315,399.61,Hold
5.07,10.2183,52.54,Hold
4.66,10.8258,90.21,StrongBuy
-3.45,-5.4677,4.96,StrongBuy
0.3,-1.0642,0.69,Buy
0,-23.5174,0,Buy
-0.7,-22.8849,115.23,Buy
4.9,10.1206,34.28,Buy
3.77,20.3564,2.1,Buy
5.76,13.0556,20.97,Buy
4.05,16.1461,15.74,Buy
-0.25,7.3111,9.18,StrongBuy
2.42,10.8281,87.51,Sell
2.35,41.3587,28.51,Buy
1.48,14.0073,84.1,Hold
3.27,16.1890,564.61,Hold
-0.69,-25.9829,2.96,Buy
-1.95,-3.0563,11.22,Buy
2.37,5.9771,19.35,Hold
5.48,4.2087,31.9,StrongBuy
1.49,190.6767,12.21,Buy
0.16,-21.0465,4.95,StrongBuy
1.39,6.6202,58.11,Buy
1.2,92.3918,4.61,Buy
-3.12,-2.2044,14.04,StrongBuy
-0.08,0.4592,32.52,Sell
8.83,34.4442,11.33,Buy
-0.9,-4.6017,15.9,Hold
3.35,13.8581,196.24,Buy
-1.65,-10.4963,7.48,StrongBuy
1.84,15.9881,23.34,Buy
17.4,10.2896,378.66,Hold
1.68,36.5861,126.44,Buy
9.98,0.0874,17.11,Buy
1,6.0235,16.04,Buy
2.5,12.9650,169.96,Buy
8.07,16.9412,33.14,Buy
1.51,11.6885,354.16,Hold
2.44,8.6505,2.72,Buy
22.32,20.6945,14.8,StrongBuy
0.66,-28.6502,12.34,Buy
-2.34,-0.3484,1667.72,Buy
6.13,4.6781,33.09,Buy
-1.16,8.7540,76.03,Hold
0.66,23.6893,51.84,Buy
-0.36,81.1433,290.56,Buy
6.3,9.9671,56.72,Hold
-0.06,7.3779,83.52,Buy
5.08,29.0978,279.77,Buy
-2.65,-28.8745,25.61,Hold
-1.92,-1.5270,5.96,StrongBuy
11.44,25.4314,77.39,Buy
1.54,30.0765,90385.09,Buy
1.07,22.1553,22.56,Hold
5.7,17.1707,129.76,Buy
14.67,16.7792,28.34,Hold
1.58,6.4224,0.39,Buy
45.77,18.7423,178.18,Buy
-1.04,-7.4667,0,Buy
0.8,9.4368,1664.48,Hold
3.32,11.9426,70.35,Buy
13.11,48.7053,8,Buy
7.05,5.2544,34.5,Hold
6.87,11.4726,4.19,Buy
4.97,7.0148,124.97,Buy
2.87,6.7427,224.86,Buy
0.59,14.0884,112.08,Buy
10.06,15.7631,124.93,Buy
9.73,15.1830,271.02,Buy
10.04,20.3927,100.91,Hold
12.85,5.1891,15.8,Buy
-0.33,15.8824,88.94,Buy
1.96,33.0532,78.8,Buy
-0.39,30.7088,49.04,Buy
0.88,25.4726,1.58,Buy
19.55,14.0567,207.07,Buy
11.45,5.3849,102.37,Buy
4.26,8.2357,25.45,Buy
0.46,13.8767,0,Hold
1.06,353.9418,113.8,Buy
2.15,12.2291,71.95,Buy
0.42,214.2771,6.06,Buy
29.05,1.8936,14.95,Buy
0.44,10.0914,15.63,Buy
3.15,31.1258,27.2,Buy
2.56,16.7162,72.46,Buy
2.29,7.9400,79.26,Buy
2.3,-5.7273,0,Buy
13.32,21.9308,113.01,Hold
-0.86,-0.9987,0,Hold
8.58,73.0094,239.24,Hold
17.14,11.4163,36.75,Hold
12.45,10.6213,59.51,Buy
2.25,11.1164,277.19,Buy
5.03,12.7750,37.72,StrongBuy
13.23,8.3964,30.08,Hold
5.29,12.7796,79.91,Hold
4.32,2.8322,38.78,Buy
0.66,13.4061,278.37,Buy
1.31,22.4808,108.66,Buy
3.66,6.1383,46.75,StrongBuy
0.23,42.0529,77.39,Buy
1.28,9.9291,59.78,Buy
6.27,10.0712,8.75,Buy
0.97,-6.8597,7.33,Buy
5.21,11.4658,114.36,Buy
0.08,-12.8723,88.1,Buy
-4.13,-3.9082,1.69,Buy
0.15,14.4896,52.91,Hold
-0.36,-1.1525,2.69,Buy
0.36,14.9989,152.89,Buy
0.41,7.5472,0,Hold
1.52,12.0831,221.17,Buy
11.77,7.9231,42.7,Hold
-2.32,-6.0677,68.02,Hold
1.34,15.4144,70.57,Buy
6.18,6.5602,6.25,Hold
-4.51,-0.2272,32.22,Buy
3.3,14.9253,77.93,Buy
8.23,2.7679,64.02,Buy
0.1,-12.1837,1302.72,Hold
1.57,52.5753,77.36,StrongBuy
7.45,19.1400,552.51,Buy
14.95,10.0409,71.42,Buy
3.71,14.9625,66.93,StrongBuy
0.3,3.1529,0,Buy
0.83,4.7374,52.67,StrongBuy
12.6,16.0308,11,Hold
1.23,0.9449,10.01,Buy
3.59,-78.9055,62.73,Buy
-1.6,-2.7962,941.53,Buy
1.92,10.5448,8.91,Hold
-0.12,38.2310,696.89,Buy
2.69,10.9006,26.32,Buy
4.76,4.8315,341.18,Buy
1.66,40.3582,1.81,Buy
-0.23,-2.1726,0,StrongBuy
6.43,4.6485,92.07,Buy
9.07,10.9673,46.15,Buy
-1.41,-3.0354,13.95,Buy
12.64,55.6578,170,Buy
3.4,4.2122,30.55,Hold
4.76,16.1508,53.41,Buy
18.6,2.9191,0,StrongBuy
2.03,32.3017,56.48,Buy
0.42,21.0335,46.5,Hold
0.45,-12.3140,96.19,Buy
9.54,19.1065,53.82,Hold
1.15,8.5955,40.23,StrongBuy
4.9,10.8738,344.19,Buy
2.3,11.0809,251.61,Buy
5.52,74.0746,1.41,Buy
1.33,29.2052,66.75,Hold
3.57,9.2946,0,Buy
1.27,15.5781,0,Buy
4.36,10.1099,8.14,Buy
9.69,24.7181,54.82,Buy
4.7,14.5086,194.31,Buy
-1.47,-6.3322,6.13,StrongBuy
5.66,9.3217,43.82,Buy
0.34,11.0280,97.46,Buy
2.41,5.1939,41.43,Buy
0.94,37.1804,598.81,Buy
3.3,5.2435,39.28,Hold
3.45,4.3215,102.75,Buy
-6.2,-5.6794,11.07,Buy
25.82,9.3988,109.6,Hold
1.22,110.1661,7.2,Hold
0.72,17.0699,59.91,Buy
-5.11,-2.4170,8.19,Buy
1.85,1.6480,6.11,Buy
10.65,6.2333,165.36,Hold
0.05,-1.1491,3.27,Hold
10.31,16.9314,142.86,Hold
4.96,31.0094,12.54,Hold
-0.3,4.8675,3.91,Hold
1.62,12.6894,163.82,Buy
1.51,15.6936,87.98,Buy
4.98,19.3469,25.36,Hold
12.44,19.2143,1857.55,Buy
2.75,2.9184,25.63,Buy
3.35,9.0336,56.45,Hold
4.17,13.1527,54.81,Buy
3.72,43.1464,91.29,Buy
3.38,10.7336,2094.13,Hold
2.38,17.9630,299.54,Buy
6.06,2.1241,29.8,Buy
170.26,17.7423,0,Buy
-1.12,-1099.7303,69.09,Hold
0.6,7.8402,144.48,StrongBuy
8.43,14.0905,19.57,Buy
0.42,17.7592,157.6,Buy
15.93,11.3424,165.96,Hold
0.18,-33.5080,56.39,Buy
1.91,16.5388,73.92,Buy
0.82,80.3736,804.53,Buy
2.44,52.9115,10.54,Buy
7.38,12.2505,116.96,Buy
6,16.4767,41.96,Buy
-0.04,-11.3956,23.48,Buy
26.19,2.6912,8.84,Buy
4.43,7.4839,52.17,Hold
4.11,22.2765,86.72,Buy
-0.93,514.7737,7.27,Hold
7.98,29.8616,192.16,Buy
0.74,-191.8964,15.2,Buy
-0.31,-4.4773,168.13,Hold
0.85,11.4295,123.13,Hold
1.07,17.7568,49.53,Hold
3.24,8.1383,51.23,Buy
2.6,12.4065,104.53,Buy
0.04,13.7943,98.64,Buy
1.63,19.8844,50.73,Buy
3.3,11.0052,82.82,Buy
14.58,6.6176,85.78,Hold
5.27,12.4279,57.02,Buy
0.08,39.2223,125.9,StrongBuy
-3.26,-2.8209,4.11,Hold
2.54,2.4253,27.94,Buy
-2.79,-1.1271,22.02,Buy
1.14,32.0364,18.86,Buy
12.74,19.0035,65.78,Buy
4.56,9.2708,151.98,Hold
4.39,9.8969,88.95,Buy
-3.69,-2.0504,16.74,Buy
7.54,8.5162,11.87,StrongBuy
0.19,4.4032,25.95,Buy
5.39,10.5292,46.84,Buy
-0.54,-7.4777,18.9,Buy
3.96,12.3331,18.92,Buy
3.53,35.4037,73.81,Buy
5.58,16.9620,57.27,Buy
8.45,18.7848,163.02,Hold
0.87,6.5066,83.38,StrongBuy
1.11,206.5053,8.82,Buy
3.21,18.1054,56.89,Buy
0.89,6.4733,89.33,Buy
0.72,13.4242,78.95,Buy
3.95,12.6137,76.82,Buy
6.33,4.7179,94.32,Buy
15.25,10.0210,95.81,Buy
1.7,2.9347,59.12,Buy
7.57,5.4375,46.53,Buy
2.93,22.4736,99.01,Hold
1.34,19.7652,47.65,Buy
0.95,10.9243,67.76,Buy
1.74,1.8622,107.29,Hold
4.73,16.7734,546.86,Buy
-2.09,-3.3116,887.68,Hold
5.16,14.4562,395.59,Hold
9.87,12.4902,49.78,Buy
9.23,11.4461,110.82,Buy
5.46,14.8426,48.63,Buy
-0.1,-53.7485,318.98,Buy
3.82,9.7042,158.54,Buy
9.26,35.5059,350.83,Buy
3.16,9.8746,352.98,Buy
-0.01,-9.5000,302.26,Buy
1.51,14.6039,64.56,StrongBuy
-1.26,-15.2855,12.2,Buy
6.08,4.8157,35.4,Buy
0.67,4.2225,77.27,Buy
5.57,30.3964,70.11,Hold
-3.75,-3.7438,5.67,Buy
7.1,14.7351,323.54,Buy
0.27,30.1621,73.97,Hold
2.05,20.6732,0,Buy
4.82,3.8650,70.55,Buy
-0.59,-4.8765,0.61,Buy
2.65,1.1762,9.83,Buy
0.09,17.1398,44.35,Hold
5,23.6442,2.31,Buy
3.27,4.2146,28.75,StrongBuy
1.56,-64.5042,42,Buy
9.27,6.5567,137.89,Buy
1.12,9.2428,132.81,StrongBuy
16.47,5.4785,61.18,Buy
2.88,5.9012,90.42,Hold
0.13,13.4760,132.74,Hold
3.09,3.4866,19.04,Buy
1.68,4.8837,60.37,Hold
3.94,16.8689,152.26,Hold
4.92,12.1980,33.37,Buy
4.49,38.8084,118.1,Hold
13.61,5.9820,20.56,Buy
0.83,10.2782,193.18,Buy
13.25,0.0851,2.79,Buy
2.39,12.5674,328.58,Buy
2.65,7.7649,2664.09,Buy
3.51,13.9692,49.65,Hold
1.14,18.1466,76.16,Hold
-2.57,-0.0679,2.06,Buy
2.08,11.2207,124.11,Buy
1.47,-26.1341,27.89,Buy
1.5,6.0065,116.12,Buy
3.56,6.0983,11.71,Buy
4.52,7.2390,144.63,Buy
1.09,11.4993,23.47,Buy
2.07,-90.9475,18.86,Buy
4.92,14.2194,150.24,Buy
6.01,20.8278,119.61,Hold
0.23,15.7440,82.21,Buy
2.98,3.2293,884.89,Buy
15.34,18.4391,7.75,Buy
10.01,14.8970,60.75,Buy
-0.14,16.0602,113.3,Buy
2.94,11.5506,92.68,Buy
7.47,17.0694,81.48,Buy
1.15,19.5025,107.33,Hold
1.14,8.5349,23.84,Hold
3.48,1.9187,362.68,Hold
-1.07,-83.6105,84.13,Buy
2.64,8.7873,29.22,Buy
6.06,15.6738,68.88,Buy
3.7,16.4586,1012.75,Buy
0.76,36.4499,1.02,Hold
2.97,12.5046,87.94,Hold
5.81,4.6387,334.79,Buy
3.59,22.2235,165.9,Buy
0.22,8.5914,220.64,Buy
1.81,11.3989,304.79,Buy
7.88,8.4307,122.41,Buy
0.87,10.7220,155.24,Buy
1.34,16.7036,57.36,Buy
-2.34,-3.2647,56.48,Buy
0.49,-57.8791,3.53,Buy
4.03,13.5507,180.74,Buy
4.21,5.5794,26.38,Buy
-4.54,-4.0033,11.02,Hold
1.7,6.0905,449,Hold
9.89,5.4719,34.6,Buy
3.24,8.0773,34.11,Buy
1.67,87.9593,27.77,Buy
1.79,24.4314,231.38,Buy
0.45,11.9081,53.8,Buy
8.4,15.1427,54.38,Buy
3.09,11.3276,300.5,Hold
5.58,12.8070,49.84,Buy
5.06,7.9515,95.61,Buy
31.61,6.4788,117.66,Buy
1.38,16.5694,95.38,Buy
-1.65,-6.0210,2.41,Buy
3.97,10.9098,11703.57,Buy
-14,-81.8629,549.63,Hold
3.15,22.7450,25.61,Buy
-1.14,-4.4547,59.93,Buy
0.18,8.7868,347.69,Buy
-2.54,-5.1235,8.67,Buy
1.13,6.9286,15.16,Buy
0.09,115.5504,99.42,Buy
0.64,-24.1117,120.54,Buy
-2.68,-1.7959,33.14,Buy
6.02,4.1663,229.77,Hold
0.97,42.3266,43.16,Buy
1.36,3.9239,46.88,Buy
0.17,29.4697,213.07,Buy
1.12,1.6469,64.74,Hold
0.79,15.0119,38.31,Buy
1.44,17.8449,123.48,Buy
0.49,8.9271,23.29,Buy
0.64,14.1286,61.59,StrongBuy
0.41,4.9827,125.16,Hold
6.59,22.9243,135.78,Buy
5.8,18.3012,11.85,Buy
0.32,19.4757,3.44,Hold
2.31,12.3976,73.05,Buy
3.79,11.9959,274.32,Buy
1.46,13.3216,80.06,Buy
5.06,10.1985,421.62,Buy
1.75,9.3333,91.79,Sell
26.07,7.6044,40.39,Hold
-3.43,-2.8270,2.73,StrongBuy
0.91,11.7525,81.7,Hold
1.35,19.9130,47.22,Buy
4.62,7.5858,6044.81,Buy
2.74,20.7159,11.91,Buy
2.6,15.0493,0,Hold
9.7,11.8526,60.54,Buy
4.87,7.3938,65.47,Buy
3.54,7.2181,51.53,Buy
24.63,21.7343,77.47,Buy
2.26,9.0557,65.18,Buy
0.33,-16.1090,51.14,Hold
146.53,15.0506,0,Buy
3.96,10.8406,135.12,Buy
2.02,11.0540,29.63,StrongBuy
5.21,7.8793,45.54,Buy
5.81,5.1785,124.22,Buy
2.52,8.3584,302.77,Buy
1.74,-30.8091,89.77,Buy
17.04,12.3156,45.57,Buy
10.59,12.1351,91.97,Buy
8.12,18.3270,62.34,Buy
3.45,7.2863,0,Hold
2.59,13.6392,30.8,Buy
9.6,7.3355,30.83,Buy
-0.7,-17.3192,0.49,Buy
3.53,16.9036,75.73,Buy
4.65,23.2718,1.16,Buy
7.42,6.9348,353.7,Buy
9.73,19.9232,40.55,Buy
20.8,16.4702,39.07,Buy
6.77,4.9101,32.12,Buy
26.34,16.0815,207.66,Buy
11.44,29.9033,238.86,Buy
15.79,25.4220,69.06,Buy
1.37,28.0909,0.1,Buy
0.47,-47.7768,84.86,Buy
1.78,-87.5568,0,Buy
3.44,6.2074,65.64,Buy
7.55,8.9673,4.05,Hold
0.83,17.3348,1.79,Buy
1.65,4.0630,82.18,Buy
25.03,6.9456,2.93,Buy
0.17,16.9077,164.13,Buy
-2.1,-34.4326,57.75,Buy
3.28,14.6183,54.79,Buy
1.84,15.3638,4.59,Buy
0.1,-7.2797,3.71,Hold
13.43,14.9083,51.4,Buy
5.68,15.8317,2.33,Hold
2.15,12.2266,0,Hold
0.78,13.7088,12.78,Hold
10.85,-2147.3485,0.49,Buy
0.6,-13.7451,160.92,Sell
1.15,9.5331,19.82,Buy
11.62,19.9916,243.89,Buy
2.12,29.2674,26.44,Buy
-0.1,-49.9797,204.57,Buy
1.22,5.8582,409.57,Buy
2.92,12.3957,101.87,Buy
4.25,157.0717,0,Buy
1.44,-49.3448,82.5,Buy
4.23,2.8363,41.66,Buy
4.36,8.4148,151.66,Hold
1.12,10.8028,71.66,Buy
5.45,9.7049,70.91,Buy
0.32,31.9355,63.94,Buy
-2.22,-1.3669,20.01,Buy
-0.42,25.7657,3.28,Buy
3.57,10.2499,0.81,Buy
1.31,8.8482,180.51,Hold
0.45,-5.9468,24.95,Buy
7.97,23.1718,39.06,Buy
11.55,4.1796,465.17,Buy
3.98,24.8885,26.28,Buy
2,-8.2301,33.47,Buy
3.32,11.5562,50.81,Buy
2.44,13.7586,140.09,Hold
-0.96,-16.9350,12.66,Buy
6.36,15.9711,722.48,Buy
0.01,18.8357,64.95,Hold
1.1,12.7941,107.22,Buy
3.4,13.8428,70.3,Buy
3.83,19.9769,0,Buy
0.62,10.2677,459.05,Hold
4.73,14.3980,20,StrongBuy
-7.49,-5.0003,76.61,Buy
3.69,35.5654,333.88,Hold
-0.62,206.9364,2.44,Buy
1.36,4.8794,14.11,Buy
3.12,9.5108,63.77,Buy
0.61,15.7582,34.17,Buy
6.39,10.0173,34.99,Buy
4,5.2396,36.78,Buy
9.76,8.1248,233.37,Hold
0.54,11.2970,50,Buy
3.39,9.9132,399.46,Buy
2.99,10.6082,180.84,Hold
3.21,13.5137,2502.67,Buy
-0.32,2.8958,0.98,Buy
7.19,9.9916,200.77,Buy
12.7,52.9408,11.49,Buy
13.9,21.9118,33.78,Buy
2.47,6.4089,142.91,Hold
13.38,-246.3708,105.68,StrongBuy
0.72,19.5342,46.36,Buy
3.13,14.7735,163.43,Buy
16.62,23.5662,114.12,Hold
0.48,-3.7940,281.48,Hold
-0.97,-32.8232,81.02,Buy
-0.16,-30.5272,0.38,Buy
9.75,23.3068,54.38,Buy
0.87,11.9346,47.71,Buy
3.72,6.6212,0,Sell
0.26,-18.6214,232.56,Buy
2.37,13.1559,225.34,Buy
0.47,8.3691,131.38,Buy
26757.8,6.4705,22.72,Buy
3.71,8.2044,315.2,Buy
1.03,27.6398,56.06,Buy
55,20.1706,13.72,Hold
-1.09,-5.2783,12.44,StrongBuy
-0.01,-17.9869,60.61,Hold
7.16,17.3823,102.02,Buy
13.21,10.2998,106.42,Hold
1.15,8.6704,294.72,Hold
1.29,6.4395,67.21,Buy
0.27,-27.5573,66.49,Buy
2.86,10.2368,94.7,Buy
4.29,14.0589,176.33,Hold
2.24,3.2296,44.42,Buy
0.64,12.5689,91.29,Buy
6.3,9.2275,136.16,Hold
5.93,16.4420,36,Buy
13.35,18.3490,138.72,Buy
1.48,-44.0686,5.12,Buy
-1.45,-2.7450,32.31,Buy
4.44,5.8594,19.64,Buy
0.39,-45.5025,239.06,Buy
-0.22,8.8161,11.46,Buy
24.02,38.5437,0,Buy
2.59,10.5375,125.05,Buy
5.94,9.5182,45.72,Buy
5.3,5.4159,93.75,Buy
6.68,10.9029,0,Buy
3,6.5741,684.55,Hold
4.17,6.9727,126.61,StrongBuy
-1.8,-6.9388,2.54,StrongBuy
-2.32,-3.1094,1.24,Buy
7.51,12.9904,3.26,Hold
3.45,14.9234,36.42,Buy
5.08,15.1516,81.17,StrongBuy
2.3,9.5856,24.61,Buy
2.16,10.2808,129.78,Buy
0.94,15.7468,27.97,StrongBuy
-2.31,-6.5180,0.89,Buy
-1.82,-17.0114,1058.97,Buy
37.69,9.1485,171.39,Buy
0.65,13.6886,66.34,Hold
2.22,9.2635,10.6,Buy
3.06,14.3389,2307.25,Buy
0.32,-3.1524,6.45,Buy
8.54,11.7241,286.39,Buy
0.49,70.6185,51.83,Hold
30.67,11.9946,0,Buy
3.88,7.5904,1.02,Buy
-1.59,-5.3093,32.09,Buy
0.27,-836.7789,8.11,Hold
-0.7,6.6034,57.36,Hold
7.81,21.3842,55.98,Hold
2.88,5.2438,117.88,Buy
1.32,7.5752,140.93,Buy
4.39,6.6968,188.91,Hold
1.14,-76.8782,0.04,Buy
0.22,-267.3905,2.67,Hold
2.85,17.1568,35.09,Buy
2.13,-41.8890,11.8,Hold
4.82,15.6355,93.18,Hold
6.79,20.3258,541.04,Buy
-1.91,-1.3966,0,Buy
3.84,627.0739,73.82,Buy
-3.31,-15.0800,4.68,Buy
1.29,11.1718,58.92,Hold
9,9.4059,29.13,Buy
2.88,26.2870,10.62,Buy
3.51,12.3892,95.36,Hold
1.07,23.1914,54.76,Buy
8.3,9.2390,102.99,Buy
0.57,3.6787,47.23,Hold
-0.2,-7.0459,0,Buy
3.94,15.6368,0,StrongBuy
15.04,14.9224,0,Buy
5.31,7.2497,21.19,Buy
5.72,9.5048,32.43,Buy
6.22,13.4197,73.53,Buy
5.94,16.2451,256.37,Buy
8.82,8.7413,17.58,Buy
0.4,17.2646,176.62,Buy
4.06,1.2097,38.26,Buy
0.75,5.2745,78.2,Buy
1.76,35.5948,331.35,Buy
0.59,11.4185,193.01,Buy
-4.86,-2.2620,7.52,Buy
4.56,14.8758,25.35,Hold
2.8,6.8846,726.58,Buy
2.16,4.5389,16.07,StrongBuy
4.23,14.6099,75.45,Buy
0.43,5.4692,99.69,Buy
6.88,7.4262,57.69,Hold
6.04,1.0549,75.04,Buy
0.16,7.5086,101.68,Hold
9.24,21.5898,14.05,Buy
11.07,10.8127,475.99,Buy
5.69,10.5527,45.86,Buy
5.39,7.5323,0,Buy
0,14.7958,86.01,Buy
-0.1,-17.7711,0,Hold
1.55,18.2225,50.97,Buy
-0.82,-60.5555,122.22,Buy
1.43,1.6344,49.96,Hold
2.29,4.8026,13.7,Buy
3.07,20.0119,29.73,Buy
1.72,9.9521,158.43,Buy
-0.13,-22.1485,94.96,Buy
6.24,13.3126,95.83,Buy
1.96,19.8527,188.17,Buy
3.18,20.0139,39.84,Buy
0.87,7.3086,0,Buy
0.71,16.7265,29.93,Buy
0.68,8.7696,171.78,Buy
0.2,-19.1044,146.5,Buy
1.76,10.8935,43.42,Buy
3.77,-12.9612,1.37,Buy
4.66,6.3869,37.95,StrongBuy
0.69,10.7925,117.57,Hold
3.21,16.8453,404.63,Hold
3.08,22.3618,32.58,Buy
2.86,9.7216,94.7,Hold
7.48,8.4820,41.73,Hold
1.33,5.0649,18.4,Buy
1.3,31.5511,44.73,Buy
2.88,18.6765,144.88,Buy
2.57,60.5295,0,Buy
-1.93,-32.0678,273.74,Buy
7.56,102.4105,54.57,Buy
2.3,17.1811,228.35,StrongBuy
1.31,14.7115,0,Buy
0.54,12.3887,5.23,Buy
-3.58,-10.7355,347.95,Buy
2.07,6.0632,21.74,Buy
1.75,26.9573,104.62,Buy
16.16,17.5043,59.1,Hold
7.32,11.4504,18.62,Buy
9.65,18.4704,50.54,Buy
2.35,4.5985,75.92,Buy
35.81,15.8835,63.93,Buy
11.33,12.2383,51.66,Hold
2.57,7.2783,26.07,Buy
7.29,7.3234,238.73,Hold
14.45,25.8654,31.13,Buy
8.76,3.9765,102.43,Buy
1.61,13.9429,115.22,Hold
2.76,10.7673,62.36,Buy
1.45,13.9521,188.16,Buy
-0.17,-38.4801,27.83,Buy
7.89,6.1663,101.3,Buy
42.74,10.7826,173.09,Buy
1.15,17.0726,1.36,StrongBuy
0.56,17.0871,82.21,Hold
-0.16,16.6994,186.22,Buy
1.79,2.4512,7.16,Hold
3.89,3.1222,41.26,Buy
0.78,-7.4984,0,Hold
-0.1,-168.4880,120.42,Buy
1.41,12.0034,186.97,Buy
1.86,15.6314,475.85,Hold
-2.16,-1.7165,2.84,Buy
6.18,12.1721,306.07,Hold
9.42,13.7554,270.77,Hold
1.47,10.2087,86.24,Buy
-2.11,-3.9172,6.8,Buy
3.5,11.0060,20.93,Buy
4.2,-23.6725,186.36,Buy
0.47,19.6812,125.21,Hold
3.87,17.3961,0,Hold
4.01,17.8933,1.34,Hold
6.46,14.5397,62.72,Buy
0.64,-2.3422,201.75,Hold
